{
  "type": "FeatureCollection",
  "name": "ESRIJSON",
  "crs": {
    "type": "name",
    "properties": {
      "name": "urn:ogc:def:crs:OGC:1.3:CRS84"
    }
  },
  "features": [
    {
      "type": "Feature",
      "properties": {
        "OID": 1,
        "Name": "20161208",
        "Shape__Area": 19.673976303847212,
        "Shape__Length": 56.634781862357094,
        "20161208</td>\n</tr>\n<tr>\n<td>\n<table_style=\"font-family:Arial,Verdana,Times;font-size:12px;text-align:left;width:100%;border-spacing:0px;_padding:3px_3px_3px_3px\">\n<tr>\n<td>TVA_AREA": 20161208,
        "ACRES": 49116109.439,
        "SQ_MI": 76743.921009,
        "created_user": "DCMICHAE",
        "created_date": "12/8/2016 10:14:15 PM",
        "last_edited_user": "DCMICHAE",
        "last_edited_date": "12/8/2016 10:21:36 PM",
        "SHAPE.STArea()": 2139489951553.3735,
        "SHAPE.STLength()": 19316364.628567
      },
      "geometry": {
        "type": "Polygon",
        "coordinates": [
          [
            [
              -86.255651724,
              37.5962838470001
            ],
            [
              -86.255822478,
              37.5923120460001
            ],
            [
              -86.2481861159999,
              37.5940264380001
            ],
            [
              -86.240870776,
              37.591926125
            ],
            [
              -86.236567631,
              37.5880431140001
            ],
            [
              -86.236246594,
              37.581325545
            ],
            [
              -86.233357343,
              37.581223089
            ],
            [
              -86.2336578699999,
              37.5747548250001
            ],
            [
              -86.228104774,
              37.577118093
            ],
            [
              -86.230536392,
              37.578620754
            ],
            [
              -86.224006553,
              37.581171854
            ],
            [
              -86.219614618,
              37.580321483
            ],
            [
              -86.2221760039999,
              37.57636676
            ],
            [
              -86.214348388,
              37.575622255
            ],
            [
              -86.211773339,
              37.5782928880001
            ],
            [
              -86.20785953,
              37.5769131700001
            ],
            [
              -86.2088294339999,
              37.5710801210001
            ],
            [
              -86.2002641449999,
              37.575270485
            ],
            [
              -86.201882939,
              37.5714557810001
            ],
            [
              -86.199123464,
              37.5703424450001
            ],
            [
              -86.197074344,
              37.565718352
            ],
            [
              -86.1900253909999,
              37.5648782230001
            ],
            [
              -86.192422822,
              37.542311017
            ],
            [
              -86.183932654,
              37.5377620530001
            ],
            [
              -86.141638961,
              37.549981372
            ],
            [
              -86.175988896,
              37.519211037
            ],
            [
              -86.185578729,
              37.505704187
            ],
            [
              -86.154281942,
              37.5128554550001
            ],
            [
              -86.1318373079999,
              37.5084465
            ],
            [
              -86.134364537,
              37.500472163
            ],
            [
              -86.114966239,
              37.4849947590001
            ],
            [
              -86.1090101519999,
              37.487730277
            ],
            [
              -86.1016401749999,
              37.4889358140001
            ],
            [
              -86.0911282179999,
              37.4872931260001
            ],
            [
              -86.088751255,
              37.4935462350001
            ],
            [
              -86.077412824,
              37.49260365
            ],
            [
              -86.070773698,
              37.4945263650001
            ],
            [
              -86.054565209,
              37.495427949
            ],
            [
              -86.0569626669999,
              37.491514206
            ],
            [
              -86.0602754029999,
              37.4933857020001
            ],
            [
              -86.062338175,
              37.4907936170001
            ],
            [
              -86.0522701849999,
              37.4831710290001
            ],
            [
              -86.05244777,
              37.47950659
            ],
            [
              -86.049756596,
              37.4770511070001
            ],
            [
              -86.0552755419999,
              37.4756406600001
            ],
            [
              -86.055453127,
              37.4721401470001
            ],
            [
              -86.0605349309999,
              37.4732056730001
            ],
            [
              -86.06463315,
              37.467956615
            ],
            [
              -86.077767937,
              37.4439687190001
            ],
            [
              -86.079297923,
              37.430352579
            ],
            [
              -86.074714727,
              37.4217157
            ],
            [
              -86.0708145679999,
              37.412764629
            ],
            [
              -86.070800898,
              37.406050474
            ],
            [
              -86.074291215,
              37.400838982
            ],
            [
              -86.093259173,
              37.397601448
            ],
            [
              -86.098340966,
              37.39144738
            ],
            [
              -86.089181422,
              37.3865398240001
            ],
            [
              -86.073136856,
              37.3822948000001
            ],
            [
              -86.0661357069999,
              37.374385342
            ],
            [
              -86.069639685,
              37.3698876130001
            ],
            [
              -86.065124795,
              37.362394803
            ],
            [
              -86.070718864,
              37.3548678510001
            ],
            [
              -86.064011426,
              37.350373528
            ],
            [
              -86.073232434,
              37.347631182
            ],
            [
              -86.070834963,
              37.341350748
            ],
            [
              -86.07781561,
              37.3419791380001
            ],
            [
              -86.0803018719999,
              37.34466002
            ],
            [
              -86.0888944819999,
              37.3399812920001
            ],
            [
              -86.079659823,
              37.349970554
            ],
            [
              -86.091271471,
              37.3522211370001
            ],
            [
              -86.091059721,
              37.3462378200001
            ],
            [
              -86.095164778,
              37.346487129
            ],
            [
              -86.1032382939999,
              37.3524567910001
            ],
            [
              -86.105410335,
              37.3374541050001
            ],
            [
              -86.095137436,
              37.331091701
            ],
            [
              -86.108811857,
              37.33322617
            ],
            [
              -86.115594431,
              37.338953356
            ],
            [
              -86.121140689,
              37.3318840320001
            ],
            [
              -86.123879679,
              37.3371604170001
            ],
            [
              -86.116236494,
              37.3436116010001
            ],
            [
              -86.12187156,
              37.3459817090001
            ],
            [
              -86.1280735349999,
              37.3394895430001
            ],
            [
              -86.1439883259999,
              37.34558557
            ],
            [
              -86.1532981299999,
              37.3444415070001
            ],
            [
              -86.159766508,
              37.350301883
            ],
            [
              -86.155108173,
              37.338891915
            ],
            [
              -86.1572870589999,
              37.335866106
            ],
            [
              -86.139302643,
              37.3152284340001
            ],
            [
              -86.141153646,
              37.294102411
            ],
            [
              -86.124255265,
              37.276613492
            ],
            [
              -86.108101415,
              37.2731266270001
            ],
            [
              -86.0872345929999,
              37.2612453570001
            ],
            [
              -86.095540328,
              37.2581717420001
            ],
            [
              -86.107794,
              37.2379985480001
            ],
            [
              -86.1108676759999,
              37.242820721
            ],
            [
              -86.11598363,
              37.242434815
            ],
            [
              -86.115935813,
              37.2389752830001
            ],
            [
              -86.123483381,
              37.2385927940001
            ],
            [
              -86.125498335,
              37.233323243
            ],
            [
              -86.132239919,
              37.2339618780001
            ],
            [
              -86.1440086709999,
              37.2413658990001
            ],
            [
              -86.1506136629999,
              37.252041616
            ],
            [
              -86.1471779889999,
              37.2570686920001
            ],
            [
              -86.16058602,
              37.2553679650001
            ],
            [
              -86.159465826,
              37.2465125190001
            ],
            [
              -86.16714317,
              37.245925121
            ],
            [
              -86.165599512,
              37.2510888050001
            ],
            [
              -86.1801140649999,
              37.2504057880001
            ],
            [
              -86.2013906769999,
              37.2378449380001
            ],
            [
              -86.217209837,
              37.24051217
            ],
            [
              -86.226157628,
              37.2370902120001
            ],
            [
              -86.236150489,
              37.2490500230001
            ],
            [
              -86.2223121549999,
              37.2584074820001
            ],
            [
              -86.22440226,
              37.2647528040001
            ],
            [
              -86.238561632,
              37.2629120570001
            ],
            [
              -86.23873923,
              37.268550444
            ],
            [
              -86.2537250679999,
              37.259360327
            ],
            [
              -86.2533289,
              37.255234844
            ],
            [
              -86.248376874,
              37.2540224680001
            ],
            [
              -86.2507470049999,
              37.2468506860001
            ],
            [
              -86.2548247399999,
              37.2467926320001
            ],
            [
              -86.259168846,
              37.2364311160001
            ],
            [
              -86.2484861309999,
              37.233883416
            ],
            [
              -86.250501081,
              37.225953475
            ],
            [
              -86.257263157,
              37.227042908
            ],
            [
              -86.253363002,
              37.2204995060001
            ],
            [
              -86.2637178539999,
              37.2195842580001
            ],
            [
              -86.267836561,
              37.2123817410001
            ],
            [
              -86.251450461,
              37.1961564220001
            ],
            [
              -86.237755561,
              37.202330976
            ],
            [
              -86.227141144,
              37.1958627020001
            ],
            [
              -86.219197401,
              37.187290708
            ],
            [
              -86.2014520819999,
              37.190125257
            ],
            [
              -86.185585107,
              37.18607831
            ],
            [
              -86.19053711,
              37.170273068
            ],
            [
              -86.165046135,
              37.1687669740001
            ],
            [
              -86.1499100039999,
              37.15885624
            ],
            [
              -86.159820858,
              37.141702024
            ],
            [
              -86.159889145,
              37.129629521
            ],
            [
              -86.1498758239999,
              37.1387615850001
            ],
            [
              -86.144643733,
              37.1233866420001
            ],
            [
              -86.120484695,
              37.1309989600001
            ],
            [
              -86.108176353,
              37.1300256380001
            ],
            [
              -86.107889471,
              37.1262211760001
            ],
            [
              -86.069789622,
              37.1255244600001
            ],
            [
              -86.0678429709999,
              37.130520801
            ],
            [
              -86.052044301,
              37.1270544270001
            ],
            [
              -86.0324820879999,
              37.1190322590001
            ],
            [
              -86.006458316,
              37.0952628970001
            ],
            [
              -86.029504002,
              37.088524853
            ],
            [
              -86.059817219,
              37.0876403570001
            ],
            [
              -86.074632284,
              37.06914741
            ],
            [
              -86.081940762,
              37.0501148660001
            ],
            [
              -86.061429124,
              37.04013924
            ],
            [
              -86.0614769319999,
              37.036703614
            ],
            [
              -86.0776717689999,
              37.0450058210001
            ],
            [
              -86.104207796,
              37.0517199970001
            ],
            [
              -86.112110549,
              37.0555825220001
            ],
            [
              -86.127246665,
              37.054680938
            ],
            [
              -86.129999294,
              37.045453244
            ],
            [
              -86.1366998829999,
              37.036795881
            ],
            [
              -86.142082197,
              37.019160125
            ],
            [
              -86.133134394,
              37.0140954720001
            ],
            [
              -86.139022161,
              36.9996016420001
            ],
            [
              -86.147498632,
              36.979862166
            ],
            [
              -86.14287446,
              36.97541907
            ],
            [
              -86.152498453,
              36.968387314
            ],
            [
              -86.166828537,
              36.934095948
            ],
            [
              -86.160510433,
              36.9303392950001
            ],
            [
              -86.1597181,
              36.9242364470001
            ],
            [
              -86.163037662,
              36.923249475
            ],
            [
              -86.164997977,
              36.9201963450001
            ],
            [
              -86.1715892889999,
              36.9184307250001
            ],
            [
              -86.176343226,
              36.914762873
            ],
            [
              -86.1690483739999,
              36.908434621
            ],
            [
              -86.158324679,
              36.9065699490001
            ],
            [
              -86.149581801,
              36.9105007630001
            ],
            [
              -86.149144663,
              36.9151999900001
            ],
            [
              -86.1526144979999,
              36.9173037150001
            ],
            [
              -86.148509458,
              36.929161064
            ],
            [
              -86.1346779469999,
              36.9319648800001
            ],
            [
              -86.141795175,
              36.9138817420001
            ],
            [
              -86.134281748,
              36.9049648160001
            ],
            [
              -86.135190184,
              36.902178066
            ],
            [
              -86.141979579,
              36.901488214
            ],
            [
              -86.147314098,
              36.8974276220001
            ],
            [
              -86.1406886249999,
              36.892414198
            ],
            [
              -86.1374578589999,
              36.894634034
            ],
            [
              -86.1263584979999,
              36.895866889
            ],
            [
              -86.101953521,
              36.867849097
            ],
            [
              -86.1003211029999,
              36.898018404
            ],
            [
              -86.0662375209999,
              36.8997874190001
            ],
            [
              -86.076974852,
              36.883032771
            ],
            [
              -86.0698575919999,
              36.8777222300001
            ],
            [
              -86.0509715869999,
              36.8693209800001
            ],
            [
              -86.043499165,
              36.87775636
            ],
            [
              -86.041873514,
              36.8614729920001
            ],
            [
              -86.0288001819999,
              36.869201434
            ],
            [
              -86.0320309269999,
              36.851087556
            ],
            [
              -86.014483667,
              36.8351456880001
            ],
            [
              -85.9998939819999,
              36.836009706
            ],
            [
              -85.981745672,
              36.8375260120001
            ],
            [
              -85.97468988,
              36.82843833
            ],
            [
              -85.9794028159999,
              36.808787642
            ],
            [
              -85.9692596959999,
              36.8016465850001
            ],
            [
              -85.944472269,
              36.8104473700001
            ],
            [
              -85.9390899269999,
              36.8067965860001
            ],
            [
              -85.929711799,
              36.790298057
            ],
            [
              -85.936671942,
              36.7825491190001
            ],
            [
              -85.9497520799999,
              36.7562799040001
            ],
            [
              -85.954171319,
              36.74392053
            ],
            [
              -85.940128063,
              36.743565345
            ],
            [
              -85.808452153,
              36.820952219
            ],
            [
              -85.7905019299999,
              36.827867854
            ],
            [
              -85.771964297,
              36.8368701370001
            ],
            [
              -85.7661926279999,
              36.836241747
            ],
            [
              -85.731330395,
              36.846750091
            ],
            [
              -85.712826901,
              36.8444482740001
            ],
            [
              -85.6897197339999,
              36.843720831
            ],
            [
              -85.6700892329999,
              36.846094334
            ],
            [
              -85.665991016,
              36.8549805150001
            ],
            [
              -85.670628848,
              36.860137373
            ],
            [
              -85.669030553,
              36.8703657040001
            ],
            [
              -85.712505907,
              36.8734120400001
            ],
            [
              -85.7117409209999,
              36.8869803740001
            ],
            [
              -85.680123119,
              36.8989025870001
            ],
            [
              -85.6758883099999,
              36.920394033
            ],
            [
              -85.640384021,
              36.932507489
            ],
            [
              -85.623991127,
              36.942298669
            ],
            [
              -85.6450423969999,
              36.9834408250001
            ],
            [
              -85.638492073,
              36.9913536890001
            ],
            [
              -85.6169627309999,
              36.9975931230001
            ],
            [
              -85.594668379,
              36.9977638620001
            ],
            [
              -85.6015943639999,
              36.982177189
            ],
            [
              -85.59805622,
              36.975022477
            ],
            [
              -85.567182922,
              36.9825733160001
            ],
            [
              -85.5469035309999,
              36.9824742590001
            ],
            [
              -85.562592878,
              36.9548731470001
            ],
            [
              -85.545407634,
              36.9415404430001
            ],
            [
              -85.543918605,
              36.936550928
            ],
            [
              -85.524171971,
              36.9243452160001
            ],
            [
              -85.505818741,
              36.9187990200001
            ],
            [
              -85.457343545,
              36.9102611390001
            ],
            [
              -85.412058147,
              36.9138162560001
            ],
            [
              -85.389210519,
              36.898827205
            ],
            [
              -85.356520342,
              36.907436734
            ],
            [
              -85.397550442,
              36.9308816770001
            ],
            [
              -85.3966898259999,
              36.941741807
            ],
            [
              -85.3593959569999,
              36.933473731
            ],
            [
              -85.323058349,
              36.93337466
            ],
            [
              -85.348624431,
              36.9126755450001
            ],
            [
              -85.331295747,
              36.8953061500001
            ],
            [
              -85.313885111,
              36.8912865190001
            ],
            [
              -85.311494491,
              36.9038917830001
            ],
            [
              -85.29557289,
              36.91145971
            ],
            [
              -85.293598919,
              36.919895093
            ],
            [
              -85.273182928,
              36.927678169
            ],
            [
              -85.2943229689999,
              36.9499721940001
            ],
            [
              -85.283517322,
              36.9618841770001
            ],
            [
              -85.3105519919999,
              36.998351019
            ],
            [
              -85.2809969309999,
              36.980124415
            ],
            [
              -85.268306073,
              36.9624818130001
            ],
            [
              -85.236046201,
              36.963905895
            ],
            [
              -85.2257323109999,
              36.9420899990001
            ],
            [
              -85.232617315,
              36.924894798
            ],
            [
              -85.2750407619999,
              36.897474711
            ],
            [
              -85.245724762,
              36.8754846250001
            ],
            [
              -85.245970641,
              36.860160911
            ],
            [
              -85.23558846,
              36.853094986
            ],
            [
              -85.233839873,
              36.840749268
            ],
            [
              -85.225178934,
              36.819913516
            ],
            [
              -85.20564404,
              36.801656182
            ],
            [
              -85.2289697579999,
              36.7821045490001
            ],
            [
              -85.242896887,
              36.7720947980001
            ],
            [
              -85.248046978,
              36.7577717230001
            ],
            [
              -85.288913119,
              36.75440102
            ],
            [
              -85.2618238329999,
              36.742970535
            ],
            [
              -85.255833565,
              36.713426187
            ],
            [
              -85.235267275,
              36.6866754070001
            ],
            [
              -85.246264178,
              36.6829255980001
            ],
            [
              -85.241851748,
              36.6757640530001
            ],
            [
              -85.2467627899999,
              36.6774033230001
            ],
            [
              -85.252684717,
              36.6674516210001
            ],
            [
              -85.249119257,
              36.663701798
            ],
            [
              -85.2638728599999,
              36.6522201240001
            ],
            [
              -85.276188003,
              36.6262855900001
            ],
            [
              -85.2760989399999,
              36.6263208230001
            ],
            [
              -85.187249365,
              36.624800941
            ],
            [
              -85.105701466,
              36.6227790460001
            ],
            [
              -84.999857909,
              36.6181786810001
            ],
            [
              -84.944477195,
              36.6128134090001
            ],
            [
              -84.830935803,
              36.6047159290001
            ],
            [
              -84.785636729,
              36.6034898180001
            ],
            [
              -84.78512445,
              36.6034727410001
            ],
            [
              -84.785097299,
              36.603435125
            ],
            [
              -84.6912004069999,
              36.6012213540001
            ],
            [
              -84.541984006,
              36.596276088
            ],
            [
              -84.510769188,
              36.596354605
            ],
            [
              -84.4317417349999,
              36.5956236860001
            ],
            [
              -84.29238157,
              36.591952269
            ],
            [
              -84.202773866,
              36.591313545
            ],
            [
              -84.202978778,
              36.591706286
            ],
            [
              -84.212240776,
              36.6089049230001
            ],
            [
              -84.202193297,
              36.619208379
            ],
            [
              -84.216236569,
              36.6594011340001
            ],
            [
              -84.1953151279999,
              36.6628264930001
            ],
            [
              -84.18853941,
              36.6965782780001
            ],
            [
              -84.1658489069999,
              36.71341146
            ],
            [
              -84.141669377,
              36.7203544070001
            ],
            [
              -84.090380064,
              36.6773953540001
            ],
            [
              -84.066938217,
              36.6911071000001
            ],
            [
              -84.022786665,
              36.6911514490001
            ],
            [
              -84.002179417,
              36.685595001
            ],
            [
              -84.015191273,
              36.6561462940001
            ],
            [
              -83.99989805,
              36.6274420570001
            ],
            [
              -84.011373068,
              36.589612603
            ],
            [
              -83.99994585,
              36.591176723
            ],
            [
              -83.89170488,
              36.5869315900001
            ],
            [
              -83.888467275,
              36.563151991
            ],
            [
              -83.865961177,
              36.5326001550001
            ],
            [
              -83.8479358119999,
              36.5201587930001
            ],
            [
              -83.758000263,
              36.557130961
            ],
            [
              -83.7089445029999,
              36.5535757490001
            ],
            [
              -83.703773907,
              36.5463595590001
            ],
            [
              -83.689969719,
              36.554586607
            ],
            [
              -83.702564934,
              36.5605631110001
            ],
            [
              -83.701007611,
              36.5740324080001
            ],
            [
              -83.690741558,
              36.5826009730001
            ],
            [
              -83.682592922,
              36.5932630200001
            ],
            [
              -83.67946461,
              36.593724061
            ],
            [
              -83.674963393,
              36.6007353310001
            ],
            [
              -83.627608397,
              36.5985564200001
            ],
            [
              -83.550049477,
              36.597422506
            ],
            [
              -83.550363676,
              36.6041708160001
            ],
            [
              -83.530658042,
              36.6064999160001
            ],
            [
              -83.536047211,
              36.621854376
            ],
            [
              -83.540760172,
              36.630795209
            ],
            [
              -83.5353163619999,
              36.6328681900001
            ],
            [
              -83.528479154,
              36.6235414440001
            ],
            [
              -83.520084622,
              36.6226534990001
            ],
            [
              -83.516348404,
              36.6086958330001
            ],
            [
              -83.5067448949999,
              36.6028081260001
            ],
            [
              -83.506444361,
              36.623264793
            ],
            [
              -83.488186766,
              36.624750356
            ],
            [
              -83.47411619,
              36.6163286130001
            ],
            [
              -83.473583419,
              36.59723117
            ],
            [
              -83.434691259,
              36.596903271
            ],
            [
              -83.434745903,
              36.612448973
            ],
            [
              -83.42650847,
              36.6149795800001
            ],
            [
              -83.436836,
              36.625860216
            ],
            [
              -83.4083328409999,
              36.628575217
            ],
            [
              -83.416262908,
              36.636098771
            ],
            [
              -83.394774546,
              36.6436905940001
            ],
            [
              -83.3592361,
              36.6725996820001
            ],
            [
              -83.352788226,
              36.6745838690001
            ],
            [
              -83.353928899,
              36.679071359
            ],
            [
              -83.3568523,
              36.678494205
            ],
            [
              -83.357774401,
              36.6832070940001
            ],
            [
              -83.3423036,
              36.6907306210001
            ],
            [
              -83.328472088,
              36.6951976030001
            ],
            [
              -83.330480219,
              36.703868636
            ],
            [
              -83.2949895849999,
              36.7131645950001
            ],
            [
              -83.251527901,
              36.7233792160001
            ],
            [
              -83.194617205,
              36.738491126
            ],
            [
              -83.135063154,
              36.742561897
            ],
            [
              -83.133423864,
              36.7491565230001
            ],
            [
              -83.127857106,
              36.750064943
            ],
            [
              -83.125418661,
              36.761553458
            ],
            [
              -83.132153413,
              36.7640943270001
            ],
            [
              -83.12901827,
              36.771064616
            ],
            [
              -83.1320236349999,
              36.7722633330001
            ],
            [
              -83.1281781329999,
              36.776754232
            ],
            [
              -83.132255867,
              36.78472858
            ],
            [
              -83.121668784,
              36.786787894
            ],
            [
              -83.110630895,
              36.800608937
            ],
            [
              -83.091902002,
              36.79334492
            ],
            [
              -83.064635142,
              36.7633873130001
            ],
            [
              -83.0962802769999,
              36.7451573540001
            ],
            [
              -83.090993566,
              36.7355027570001
            ],
            [
              -83.098267917,
              36.73234718
            ],
            [
              -83.1272765259999,
              36.726620031
            ],
            [
              -83.1570159839999,
              36.7245129290001
            ],
            [
              -83.152610392,
              36.707044501
            ],
            [
              -83.169993699,
              36.7027243750001
            ],
            [
              -83.143082018,
              36.679644851
            ],
            [
              -83.139864911,
              36.6803722710001
            ],
            [
              -83.136272133,
              36.681611961
            ],
            [
              -83.125644068,
              36.6767078130001
            ],
            [
              -83.096908675,
              36.683630259
            ],
            [
              -83.1017787329999,
              36.690477614
            ],
            [
              -83.111730589,
              36.713840573
            ],
            [
              -83.082476088,
              36.7291437640001
            ],
            [
              -83.0696144889999,
              36.7316128910001
            ],
            [
              -83.030346655,
              36.746233042
            ],
            [
              -83.0113650389999,
              36.7451333450001
            ],
            [
              -83.01443871,
              36.727822023
            ],
            [
              -83.01280625,
              36.723853633
            ],
            [
              -83.0161667959999,
              36.722777869
            ],
            [
              -83.019138009,
              36.7274771
            ],
            [
              -83.02314061,
              36.716306194
            ],
            [
              -82.999876348,
              36.725731941
            ],
            [
              -82.996290399,
              36.726903329
            ],
            [
              -82.983811304,
              36.714455141
            ],
            [
              -82.9834834489999,
              36.691136591
            ],
            [
              -82.95829302,
              36.699370453
            ],
            [
              -82.949816523,
              36.7042096910001
            ],
            [
              -82.9494203579999,
              36.7355674720001
            ],
            [
              -82.959823021,
              36.730656519
            ],
            [
              -82.9868918019999,
              36.7277297800001
            ],
            [
              -82.99721933,
              36.739269538
            ],
            [
              -82.999862685,
              36.7448703650001
            ],
            [
              -83.007082392,
              36.7580015720001
            ],
            [
              -82.999930987,
              36.7615054930001
            ],
            [
              -82.978572399,
              36.771317154
            ],
            [
              -82.972500194,
              36.77042921
            ],
            [
              -82.95934489,
              36.7647668980001
            ],
            [
              -82.951640227,
              36.755276226
            ],
            [
              -82.950957189,
              36.760740442
            ],
            [
              -82.9457114589999,
              36.760511622
            ],
            [
              -82.944611768,
              36.771573247
            ],
            [
              -82.931982401,
              36.777112582
            ],
            [
              -82.931647712,
              36.7847010140001
            ],
            [
              -82.9358074099999,
              36.791599594
            ],
            [
              -82.9780806109999,
              36.781524995
            ],
            [
              -82.9908670739999,
              36.7893559180001
            ],
            [
              -82.999910493,
              36.7869858240001
            ],
            [
              -83.0520604179999,
              36.776258946
            ],
            [
              -83.0449431659999,
              36.780954749
            ],
            [
              -83.038604576,
              36.783157504
            ],
            [
              -83.034369742,
              36.786839016
            ],
            [
              -83.0367057289999,
              36.8141430320001
            ],
            [
              -83.0127789169999,
              36.846416038
            ],
            [
              -83.007150686,
              36.8470922280001
            ],
            [
              -82.999910486,
              36.854865068
            ],
            [
              -82.9876772809999,
              36.858939311
            ],
            [
              -82.978346987,
              36.859588176
            ],
            [
              -82.969733882,
              36.85784986
            ],
            [
              -82.9643788659999,
              36.8606502650001
            ],
            [
              -82.942938316,
              36.845299203
            ],
            [
              -82.922201291,
              36.85654522
            ],
            [
              -82.902673244,
              36.861985508
            ],
            [
              -82.892728215,
              36.855920213
            ],
            [
              -82.8902761099999,
              36.8570642810001
            ],
            [
              -82.895043712,
              36.864550265
            ],
            [
              -82.8892993649999,
              36.8664183380001
            ],
            [
              -82.8426547289999,
              36.832867983
            ],
            [
              -82.818345417,
              36.84057933
            ],
            [
              -82.801262648,
              36.8256005220001
            ],
            [
              -82.805449672,
              36.810669552
            ],
            [
              -82.851452264,
              36.7725635210001
            ],
            [
              -82.8449839,
              36.764920438
            ],
            [
              -82.832907795,
              36.7591556740001
            ],
            [
              -82.820073517,
              36.7586160650001
            ],
            [
              -82.81083885,
              36.7528581350001
            ],
            [
              -82.804691512,
              36.748251108
            ],
            [
              -82.800593287,
              36.743924125
            ],
            [
              -82.79952775,
              36.735960026
            ],
            [
              -82.7997941359999,
              36.730646075
            ],
            [
              -82.8016519989999,
              36.7266913490001
            ],
            [
              -82.802580931,
              36.722890304
            ],
            [
              -82.802280395,
              36.7192770890001
            ],
            [
              -82.801173874,
              36.7165039970001
            ],
            [
              -82.795450021,
              36.712026746
            ],
            [
              -82.797833823,
              36.7089497110001
            ],
            [
              -82.8227783569999,
              36.704049022
            ],
            [
              -82.8253807309999,
              36.702918615
            ],
            [
              -82.843843238,
              36.698550679
            ],
            [
              -82.8405373369999,
              36.6901904210001
            ],
            [
              -82.818789424,
              36.6696722550001
            ],
            [
              -82.7997873209999,
              36.6563019720001
            ],
            [
              -82.792608598,
              36.6449295580001
            ],
            [
              -82.796269681,
              36.6360433780001
            ],
            [
              -82.792383198,
              36.629896128
            ],
            [
              -82.7677733519999,
              36.639526781
            ],
            [
              -82.758313285,
              36.6234107400001
            ],
            [
              -82.8320676879999,
              36.593637673
            ],
            [
              -82.8314939369999,
              36.5936240120001
            ],
            [
              -82.733840055,
              36.5934360570001
            ],
            [
              -82.759057806,
              36.5731365170001
            ],
            [
              -82.762425186,
              36.5530999150001
            ],
            [
              -82.766885423,
              36.5455456380001
            ],
            [
              -82.7639210409999,
              36.5395896360001
            ],
            [
              -82.75045837,
              36.5436092350001
            ],
            [
              -82.733081892,
              36.5535267700001
            ],
            [
              -82.7263539739999,
              36.544387855
            ],
            [
              -82.7055076669999,
              36.544903515
            ],
            [
              -82.70559646,
              36.557194591
            ],
            [
              -82.69050133,
              36.55738582
            ],
            [
              -82.690023206,
              36.5456616550001
            ],
            [
              -82.6722369079999,
              36.546074865
            ],
            [
              -82.671430927,
              36.5320454820001
            ],
            [
              -82.677523623,
              36.5282068760001
            ],
            [
              -82.681218858,
              36.5240677350001
            ],
            [
              -82.6805699719999,
              36.520789203
            ],
            [
              -82.679449791,
              36.5185386260001
            ],
            [
              -82.6800235439999,
              36.5148332040001
            ],
            [
              -82.675378891,
              36.502941692
            ],
            [
              -82.677400683,
              36.500018337
            ],
            [
              -82.678493546,
              36.4919893530001
            ],
            [
              -82.7000160589999,
              36.4901213000001
            ],
            [
              -82.706293176,
              36.4829631810001
            ],
            [
              -82.732719903,
              36.4636096350001
            ],
            [
              -82.738614517,
              36.4572438270001
            ],
            [
              -82.7388399229999,
              36.4474184790001
            ],
            [
              -82.804971624,
              36.407580991
            ],
            [
              -82.797902188,
              36.399811545
            ],
            [
              -82.725930514,
              36.440755531
            ],
            [
              -82.7020515299999,
              36.4103300460001
            ],
            [
              -82.681471609,
              36.414100331
            ],
            [
              -82.6726399309999,
              36.423252887
            ],
            [
              -82.6707479149999,
              36.43189318
            ],
            [
              -82.656178724,
              36.433354841
            ],
            [
              -82.6517321489999,
              36.4369031620001
            ],
            [
              -82.6355783129999,
              36.4303836450001
            ],
            [
              -82.6298203059999,
              36.4348608820001
            ],
            [
              -82.619185414,
              36.42453691
            ],
            [
              -82.61561313,
              36.418095957
            ],
            [
              -82.610278609,
              36.4115013200001
            ],
            [
              -82.6026627419999,
              36.4075909790001
            ],
            [
              -82.6096433879999,
              36.3992512240001
            ],
            [
              -82.613475232,
              36.387687575
            ],
            [
              -82.596706661,
              36.3845183060001
            ],
            [
              -82.5838928759999,
              36.3921852720001
            ],
            [
              -82.566864749,
              36.397519694
            ],
            [
              -82.557513964,
              36.4013958630001
            ],
            [
              -82.563538353,
              36.4064639330001
            ],
            [
              -82.5578008319999,
              36.4262683050001
            ],
            [
              -82.539194885,
              36.4439552740001
            ],
            [
              -82.537446307,
              36.448715973
            ],
            [
              -82.528635121,
              36.4547129420001
            ],
            [
              -82.530233428,
              36.4574450530001
            ],
            [
              -82.537316527,
              36.458882836
            ],
            [
              -82.5378356319999,
              36.468790148
            ],
            [
              -82.5220847799999,
              36.485749696
            ],
            [
              -82.51590329,
              36.4897590590001
            ],
            [
              -82.513335067,
              36.497412377
            ],
            [
              -82.505773841,
              36.4989321030001
            ],
            [
              -82.505787501,
              36.5000659290001
            ],
            [
              -82.508997774,
              36.508214449
            ],
            [
              -82.4879533879999,
              36.5052603280001
            ],
            [
              -82.4806653799999,
              36.500093217
            ],
            [
              -82.473575452,
              36.495096862
            ],
            [
              -82.48317896,
              36.495581825
            ],
            [
              -82.484210347,
              36.4926379780001
            ],
            [
              -82.47498251,
              36.4914221780001
            ],
            [
              -82.478677746,
              36.486142381
            ],
            [
              -82.473595948,
              36.480524474
            ],
            [
              -82.4815601669999,
              36.477765054
            ],
            [
              -82.4806244069999,
              36.4730555790001
            ],
            [
              -82.4634869939999,
              36.4749372970001
            ],
            [
              -82.461383239,
              36.4729326090001
            ],
            [
              -82.469695808,
              36.4686432080001
            ],
            [
              -82.4701875969999,
              36.4635717300001
            ],
            [
              -82.4703242049999,
              36.4620895620001
            ],
            [
              -82.466239638,
              36.4682060660001
            ],
            [
              -82.439628491,
              36.4803570880001
            ],
            [
              -82.423754699,
              36.4810161890001
            ],
            [
              -82.4138096729999,
              36.4782874810001
            ],
            [
              -82.4125255609999,
              36.482023639
            ],
            [
              -82.419902367,
              36.4833657980001
            ],
            [
              -82.41894611,
              36.4944342540001
            ],
            [
              -82.415442125,
              36.500055565
            ],
            [
              -82.4133451869999,
              36.535200735
            ],
            [
              -82.393345847,
              36.5358598290001
            ],
            [
              -82.379500674,
              36.5382811430001
            ],
            [
              -82.374794546,
              36.5391280910001
            ],
            [
              -82.369890336,
              36.539674506
            ],
            [
              -82.365293493,
              36.539322741
            ],
            [
              -82.367506534,
              36.5423588
            ],
            [
              -82.3677865779999,
              36.5457329560001
            ],
            [
              -82.346462136,
              36.565779779
            ],
            [
              -82.33358688,
              36.563536018
            ],
            [
              -82.294223421,
              36.57278074
            ],
            [
              -82.267919639,
              36.5876467950001
            ],
            [
              -82.263438911,
              36.591178041
            ],
            [
              -82.25197071,
              36.590853587
            ],
            [
              -82.243070729,
              36.595057608
            ],
            [
              -82.2423467089999,
              36.59537863
            ],
            [
              -82.242326814,
              36.5954116930001
            ],
            [
              -82.268755802,
              36.595650683
            ],
            [
              -82.275497964,
              36.5922422580001
            ],
            [
              -82.280244984,
              36.59083022
            ],
            [
              -82.293564417,
              36.595831924
            ],
            [
              -82.32584115,
              36.595419818
            ],
            [
              -82.3268253689999,
              36.597054642
            ],
            [
              -82.32995317,
              36.596908113
            ],
            [
              -82.33322286,
              36.600031388
            ],
            [
              -82.333036201,
              36.6060305080001
            ],
            [
              -82.312990153,
              36.618957467
            ],
            [
              -82.31898745,
              36.626331905
            ],
            [
              -82.3104794929999,
              36.631002102
            ],
            [
              -82.3230976689999,
              36.6793721060001
            ],
            [
              -82.3282715669999,
              36.6878031950001
            ],
            [
              -82.3471830299999,
              36.6867846820001
            ],
            [
              -82.37278616,
              36.6754254150001
            ],
            [
              -82.398211811,
              36.668289375
            ],
            [
              -82.398089988,
              36.6625722520001
            ],
            [
              -82.4056264229999,
              36.658774845
            ],
            [
              -82.403391149,
              36.6581399720001
            ],
            [
              -82.404993105,
              36.6554428420001
            ],
            [
              -82.40336304,
              36.65019604
            ],
            [
              -82.406366776,
              36.64953482
            ],
            [
              -82.409329645,
              36.655214373
            ],
            [
              -82.412889504,
              36.651483564
            ],
            [
              -82.4154969109999,
              36.6519574880001
            ],
            [
              -82.41501013,
              36.6619429180001
            ],
            [
              -82.4551540589999,
              36.653540349
            ],
            [
              -82.455020903,
              36.6480487590001
            ],
            [
              -82.452663193,
              36.643297225
            ],
            [
              -82.445721739,
              36.643171481
            ],
            [
              -82.4380909179999,
              36.6390149750001
            ],
            [
              -82.434480292,
              36.640521026
            ],
            [
              -82.428192246,
              36.6399502730001
            ],
            [
              -82.4192822099999,
              36.6426273860001
            ],
            [
              -82.416187811,
              36.6453442160001
            ],
            [
              -82.4136915829999,
              36.642301086
            ],
            [
              -82.41129862,
              36.6351521880001
            ],
            [
              -82.427320144,
              36.6286091110001
            ],
            [
              -82.438635523,
              36.6222829610001
            ],
            [
              -82.4496956089999,
              36.62246594
            ],
            [
              -82.449770299,
              36.630990502
            ],
            [
              -82.454509221,
              36.638145874
            ],
            [
              -82.4569419919999,
              36.6426664790001
            ],
            [
              -82.4613426499999,
              36.6443822480001
            ],
            [
              -82.460634145,
              36.6479678360001
            ],
            [
              -82.465747144,
              36.649477292
            ],
            [
              -82.4692482409999,
              36.647115236
            ],
            [
              -82.474943455,
              36.646577144
            ],
            [
              -82.471843361,
              36.6529543
            ],
            [
              -82.476597843,
              36.6513090610001
            ],
            [
              -82.478202056,
              36.6536347960001
            ],
            [
              -82.4748774139999,
              36.6602891960001
            ],
            [
              -82.470204367,
              36.6566801380001
            ],
            [
              -82.46747551,
              36.6574117480001
            ],
            [
              -82.478855148,
              36.672281879
            ],
            [
              -82.4601710749999,
              36.6729349280001
            ],
            [
              -82.399486109,
              36.688561334
            ],
            [
              -82.37676643,
              36.695599621
            ],
            [
              -82.332018798,
              36.7095660200001
            ],
            [
              -82.307547655,
              36.727295279
            ],
            [
              -82.293226159,
              36.7135132290001
            ],
            [
              -82.2984440559999,
              36.707779251
            ],
            [
              -82.304283932,
              36.699304899
            ],
            [
              -82.302098238,
              36.6971347640001
            ],
            [
              -82.294247873,
              36.701487543
            ],
            [
              -82.287981759,
              36.703540665
            ],
            [
              -82.28624138,
              36.701150544
            ],
            [
              -82.2908623339999,
              36.697842177
            ],
            [
              -82.294576971,
              36.695433172
            ],
            [
              -82.279170301,
              36.6891711540001
            ],
            [
              -82.273215399,
              36.6971231040001
            ],
            [
              -82.2506202329999,
              36.707281343
            ],
            [
              -82.2491851629999,
              36.699702404
            ],
            [
              -82.2642362889999,
              36.6947525350001
            ],
            [
              -82.244235315,
              36.687782811
            ],
            [
              -82.2394591679999,
              36.697939762
            ],
            [
              -82.217481146,
              36.6974810310001
            ],
            [
              -82.195181078,
              36.6832916760001
            ],
            [
              -82.18985007,
              36.6819937600001
            ],
            [
              -82.185466672,
              36.6782719600001
            ],
            [
              -82.175826941,
              36.675017762
            ],
            [
              -82.153011428,
              36.6804652530001
            ],
            [
              -82.140233349,
              36.685411108
            ],
            [
              -82.136314979,
              36.6824363040001
            ],
            [
              -82.151664553,
              36.671054945
            ],
            [
              -82.160553352,
              36.662629494
            ],
            [
              -82.1523341389999,
              36.6577531940001
            ],
            [
              -82.1354707359999,
              36.664983437
            ],
            [
              -82.134560805,
              36.6678697680001
            ],
            [
              -82.128174443,
              36.6711644970001
            ],
            [
              -82.1187872309999,
              36.6762070030001
            ],
            [
              -82.11222738,
              36.6814974490001
            ],
            [
              -82.106478646,
              36.6879085520001
            ],
            [
              -82.099772888,
              36.6933076990001
            ],
            [
              -82.083641567,
              36.7029491500001
            ],
            [
              -82.076900713,
              36.6843958960001
            ],
            [
              -82.066532047,
              36.6891806100001
            ],
            [
              -82.063811578,
              36.686523956
            ],
            [
              -82.069890763,
              36.682419856
            ],
            [
              -82.066188784,
              36.678017901
            ],
            [
              -82.056137384,
              36.6821236810001
            ],
            [
              -82.054747681,
              36.6723026270001
            ],
            [
              -82.046346262,
              36.6651944830001
            ],
            [
              -82.048282221,
              36.663189048
            ],
            [
              -82.022788867,
              36.646815471
            ],
            [
              -82.045423353,
              36.6392126050001
            ],
            [
              -82.045447446,
              36.63917066
            ],
            [
              -82.0452357029999,
              36.638996488
            ],
            [
              -82.025051952,
              36.623122906
            ],
            [
              -82.0087341839999,
              36.6231980160001
            ],
            [
              -81.9999844769999,
              36.6162482020001
            ],
            [
              -81.993283882,
              36.609411089
            ],
            [
              -81.9998342169999,
              36.6012079400001
            ],
            [
              -82.005701511,
              36.5986397660001
            ],
            [
              -82.008133127,
              36.5951085180001
            ],
            [
              -82.013850154,
              36.591112815
            ],
            [
              -82.0219851319999,
              36.589985832
            ],
            [
              -82.0239864329999,
              36.588165567
            ],
            [
              -82.023993267,
              36.5832477700001
            ],
            [
              -82.026814213,
              36.580761554
            ],
            [
              -82.0324219519999,
              36.5788729920001
            ],
            [
              -82.0335626259999,
              36.577247388
            ],
            [
              -82.031315433,
              36.5752324540001
            ],
            [
              -82.019642324,
              36.570191697
            ],
            [
              -82.01464932,
              36.569413039
            ],
            [
              -82.012593376,
              36.5710147360001
            ],
            [
              -81.9998820499999,
              36.566909724
            ],
            [
              -81.976317256,
              36.563269156
            ],
            [
              -81.950033987,
              36.537816106
            ],
            [
              -81.9305878979999,
              36.553976505
            ],
            [
              -81.9315509749999,
              36.561899624
            ],
            [
              -81.92842949,
              36.5680810170001
            ],
            [
              -81.9035669149999,
              36.5816663960001
            ],
            [
              -81.898211902,
              36.5800032170001
            ],
            [
              -81.8881780789999,
              36.5812804650001
            ],
            [
              -81.876088311,
              36.5871374070001
            ],
            [
              -81.8740528499999,
              36.6013751080001
            ],
            [
              -81.860549194,
              36.6064670580001
            ],
            [
              -81.850638321,
              36.6034958750001
            ],
            [
              -81.82994911,
              36.608427304
            ],
            [
              -81.8267046779999,
              36.614489167
            ],
            [
              -81.790449044,
              36.6136045960001
            ],
            [
              -81.646799415,
              36.611756804
            ],
            [
              -81.679400817,
              36.58637214
            ],
            [
              -81.6775019839999,
              36.5702219570001
            ],
            [
              -81.6914017999999,
              36.5680362890001
            ],
            [
              -81.6901586769999,
              36.560594704
            ],
            [
              -81.6914359639999,
              36.5515719160001
            ],
            [
              -81.702357744,
              36.536272119
            ],
            [
              -81.708300171,
              36.536056973
            ],
            [
              -81.707965491,
              36.5240698430001
            ],
            [
              -81.702856372,
              36.5210850060001
            ],
            [
              -81.7001993709999,
              36.5000887410001
            ],
            [
              -81.697091553,
              36.496472108
            ],
            [
              -81.695001479,
              36.467344402
            ],
            [
              -81.716612793,
              36.456409165
            ],
            [
              -81.7140445799999,
              36.4464950190001
            ],
            [
              -81.717746645,
              36.444592792
            ],
            [
              -81.71502133,
              36.4364715930001
            ],
            [
              -81.721735591,
              36.4339273260001
            ],
            [
              -81.717678351,
              36.428630443
            ],
            [
              -81.7203490329999,
              36.4227222590001
            ],
            [
              -81.7353007299999,
              36.412514437
            ],
            [
              -81.7416666399999,
              36.412545181
            ],
            [
              -81.739050619,
              36.3949230710001
            ],
            [
              -81.7318240829999,
              36.394123919
            ],
            [
              -81.728040058,
              36.3902989600001
            ],
            [
              -81.734549412,
              36.3792031900001
            ],
            [
              -81.72241185,
              36.360180859
            ],
            [
              -81.723463731,
              36.3545527140001
            ],
            [
              -81.722111329,
              36.338604022
            ],
            [
              -81.736181898,
              36.3404618770001
            ],
            [
              -81.7538520809999,
              36.336701836
            ],
            [
              -81.759493968,
              36.3397822970001
            ],
            [
              -81.764705545,
              36.3384640620001
            ],
            [
              -81.779274728,
              36.3477669160001
            ],
            [
              -81.790005247,
              36.348016236
            ],
            [
              -81.793720962,
              36.361355766
            ],
            [
              -81.8105919939999,
              36.3518138970001
            ],
            [
              -81.833917727,
              36.346301899
            ],
            [
              -81.853609704,
              36.3360257790001
            ],
            [
              -81.864907149,
              36.3291750290001
            ],
            [
              -81.866635236,
              36.326019445
            ],
            [
              -81.875214192,
              36.317788976
            ],
            [
              -81.876204597,
              36.315514497
            ],
            [
              -81.894066032,
              36.3071440200001
            ],
            [
              -81.908068304,
              36.301509063
            ],
            [
              -81.918020169,
              36.286936687
            ],
            [
              -81.898116462,
              36.2784022320001
            ],
            [
              -81.894448547,
              36.284761212
            ],
            [
              -81.89157296,
              36.2835010220001
            ],
            [
              -81.884394248,
              36.263628329
            ],
            [
              -81.888376361,
              36.257337652
            ],
            [
              -81.881470856,
              36.2515216630001
            ],
            [
              -81.88132059,
              36.2478742960001
            ],
            [
              -81.892003303,
              36.236051106
            ],
            [
              -81.8919759889999,
              36.2245386770001
            ],
            [
              -81.875828994,
              36.2071453610001
            ],
            [
              -81.8616901239999,
              36.199594473
            ],
            [
              -81.848480179,
              36.2012507960001
            ],
            [
              -81.838234627,
              36.186651069
            ],
            [
              -81.824990527,
              36.192572899
            ],
            [
              -81.813303751,
              36.2018962070001
            ],
            [
              -81.800947604,
              36.201503449
            ],
            [
              -81.815489486,
              36.1787893910001
            ],
            [
              -81.829587385,
              36.168663528
            ],
            [
              -81.8437126269999,
              36.1246731620001
            ],
            [
              -81.836622704,
              36.1159167390001
            ],
            [
              -81.8240138479999,
              36.093697836
            ],
            [
              -81.84175234,
              36.0759357310001
            ],
            [
              -81.8127506,
              36.0329869190001
            ],
            [
              -81.8639237739999,
              36.0135582720001
            ],
            [
              -81.865173736,
              36.0071036630001
            ],
            [
              -81.868370355,
              36.000106051
            ],
            [
              -81.874203499,
              35.9919814460001
            ],
            [
              -81.8814846879999,
              35.9759815360001
            ],
            [
              -81.879551696,
              35.9698855120001
            ],
            [
              -81.8827278269999,
              35.95658697
            ],
            [
              -81.8689919449999,
              35.958461861
            ],
            [
              -81.867202392,
              35.9498454660001
            ],
            [
              -81.879510732,
              35.9384833190001
            ],
            [
              -81.910418173,
              35.9380598860001
            ],
            [
              -81.9129522379999,
              35.9441456640001
            ],
            [
              -81.900377514,
              35.954138341
            ],
            [
              -81.912439949,
              35.9630689430001
            ],
            [
              -81.924666324,
              35.952277124
            ],
            [
              -81.944576866,
              35.9474139960001
            ],
            [
              -81.948347224,
              35.9609755130001
            ],
            [
              -81.956946662,
              35.9636871450001
            ],
            [
              -81.9780320369999,
              35.9442140570001
            ],
            [
              -81.992075283,
              35.947318437
            ],
            [
              -81.991925012,
              35.952885112
            ],
            [
              -81.9600886219999,
              35.985660146
            ],
            [
              -81.99986871,
              36.0000823280001
            ],
            [
              -81.9998686709999,
              36.0686856130001
            ],
            [
              -82.013194739,
              36.055076308
            ],
            [
              -82.0250249429999,
              36.0607796040001
            ],
            [
              -82.0711299559999,
              36.0821686740001
            ],
            [
              -82.058992366,
              36.1104255060001
            ],
            [
              -82.0868671109999,
              36.1318589470001
            ],
            [
              -82.10443484,
              36.1206573200001
            ],
            [
              -82.140840726,
              36.1358888830001
            ],
            [
              -82.148681989,
              36.1496484830001
            ],
            [
              -82.1666868579999,
              36.14512345
            ],
            [
              -82.1724653539999,
              36.1467046670001
            ],
            [
              -82.176987063,
              36.1423503720001
            ],
            [
              -82.1838106069999,
              36.1434671310001
            ],
            [
              -82.18757414,
              36.151024836
            ],
            [
              -82.193537057,
              36.148603511
            ],
            [
              -82.202737567,
              36.156615436
            ],
            [
              -82.213700317,
              36.1589855560001
            ],
            [
              -82.221848955,
              36.1558026590001
            ],
            [
              -82.236452291,
              36.1645112790001
            ],
            [
              -82.2400724,
              36.1431154480001
            ],
            [
              -82.257913335,
              36.1461412830001
            ],
            [
              -82.3499389529999,
              36.183724994
            ],
            [
              -82.368544909,
              36.142050096
            ],
            [
              -82.3943227459999,
              36.1304659840001
            ],
            [
              -82.427279308,
              36.1157570300001
            ],
            [
              -82.431199948,
              36.1010036420001
            ],
            [
              -82.43994966,
              36.092038917
            ],
            [
              -82.457401262,
              36.1030220220001
            ],
            [
              -82.475952563,
              36.09008892
            ],
            [
              -82.488766348,
              36.08196774
            ],
            [
              -82.483670895,
              36.063194722
            ],
            [
              -82.5088613139999,
              36.0617467370001
            ],
            [
              -82.512966373,
              36.0510573620001
            ],
            [
              -82.5219073329999,
              36.047229004
            ],
            [
              -82.517590534,
              36.0566616080001
            ],
            [
              -82.515821463,
              36.069362503
            ],
            [
              -82.5779846949999,
              36.078651758
            ],
            [
              -82.602444276,
              36.039886562
            ],
            [
              -82.618154133,
              36.0489127920001
            ],
            [
              -82.6176145319999,
              36.0552854380001
            ],
            [
              -82.6352368939999,
              36.066063634
            ],
            [
              -82.655352348,
              36.055893381
            ],
            [
              -82.659621331,
              36.0563339390001
            ],
            [
              -82.6845590299999,
              36.0450947530001
            ],
            [
              -82.68890315,
              36.0382678990001
            ],
            [
              -82.7151864309999,
              36.0278449310001
            ],
            [
              -82.715568933,
              36.023087645
            ],
            [
              -82.7505950949999,
              36.0088363200001
            ],
            [
              -82.7505950939999,
              36.00596419
            ],
            [
              -82.7642011999999,
              36.003973182
            ],
            [
              -82.7761475249999,
              36.0001004310001
            ],
            [
              -82.784828932,
              35.9890934530001
            ],
            [
              -82.7855461239999,
              35.977905462
            ],
            [
              -82.781338615,
              35.9744186020001
            ],
            [
              -82.776598335,
              35.9745142190001
            ],
            [
              -82.775109314,
              35.971778692
            ],
            [
              -82.778025884,
              35.9670077490001
            ],
            [
              -82.783695095,
              35.964702538
            ],
            [
              -82.7873356869999,
              35.952636861
            ],
            [
              -82.800463666,
              35.9442732040001
            ],
            [
              -82.805934798,
              35.937227782
            ],
            [
              -82.8025674249999,
              35.929656417
            ],
            [
              -82.822129617,
              35.9219382300001
            ],
            [
              -82.8287345849999,
              35.9331194000001
            ],
            [
              -82.8330787039999,
              35.9334643340001
            ],
            [
              -82.841418588,
              35.942217343
            ],
            [
              -82.851568522,
              35.9496930920001
            ],
            [
              -82.860851001,
              35.9477362310001
            ],
            [
              -82.873862862,
              35.9524525520001
            ],
            [
              -82.889265355,
              35.9485695600001
            ],
            [
              -82.892871793,
              35.9452329750001
            ],
            [
              -82.8988552,
              35.9452568880001
            ],
            [
              -82.899592883,
              35.9294857830001
            ],
            [
              -82.9045585649999,
              35.9261287080001
            ],
            [
              -82.9133151039999,
              35.929762425
            ],
            [
              -82.920077174,
              35.9290247650001
            ],
            [
              -82.920350389,
              35.9270064190001
            ],
            [
              -82.9139571589999,
              35.9245577560001
            ],
            [
              -82.914373814,
              35.9152036950001
            ],
            [
              -82.907065315,
              35.907246414
            ],
            [
              -82.900945303,
              35.893176038
            ],
            [
              -82.907140452,
              35.8844674440001
            ],
            [
              -82.903998481,
              35.8804922200001
            ],
            [
              -82.89610257,
              35.880830308
            ],
            [
              -82.9006174479999,
              35.8731530840001
            ],
            [
              -82.9115392149999,
              35.8685187560001
            ],
            [
              -82.920111334,
              35.8688534500001
            ],
            [
              -82.921689151,
              35.8624671430001
            ],
            [
              -82.918902359,
              35.8593832710001
            ],
            [
              -82.920739731,
              35.850172646
            ],
            [
              -82.916607356,
              35.841740665
            ],
            [
              -82.9338882019999,
              35.8369663240001
            ],
            [
              -82.9359441459999,
              35.825757842
            ],
            [
              -82.945233453,
              35.825307056
            ],
            [
              -82.962118139,
              35.799567182
            ],
            [
              -82.9604720199999,
              35.791128373
            ],
            [
              -82.9717216459999,
              35.7883860310001
            ],
            [
              -82.985040875,
              35.777850346
            ],
            [
              -82.993128037,
              35.7736292450001
            ],
            [
              -82.999869616,
              35.7742610550001
            ],
            [
              -83.015900501,
              35.7824369150001
            ],
            [
              -83.0201899749999,
              35.7805381040001
            ],
            [
              -83.034007819,
              35.787846517
            ],
            [
              -83.04499106,
              35.785510576
            ],
            [
              -83.051992193,
              35.7899536790001
            ],
            [
              -83.06200552,
              35.7869210490001
            ],
            [
              -83.078719443,
              35.7894687620001
            ],
            [
              -83.0947161779999,
              35.7796468450001
            ],
            [
              -83.097106808,
              35.7761668220001
            ],
            [
              -83.1172085969999,
              35.7699308040001
            ],
            [
              -83.121040437,
              35.766461029
            ],
            [
              -83.127672729,
              35.7682437390001
            ],
            [
              -83.136975698,
              35.7654262620001
            ],
            [
              -83.162712545,
              35.762803466
            ],
            [
              -83.170471849,
              35.7458917120001
            ],
            [
              -83.177124632,
              35.744740818
            ],
            [
              -83.186188537,
              35.730219662
            ],
            [
              -83.199097943,
              35.7247759470001
            ],
            [
              -83.206276665,
              35.7263708250001
            ],
            [
              -83.2134553879999,
              35.7237787440001
            ],
            [
              -83.2179497719999,
              35.7258346630001
            ],
            [
              -83.240892996,
              35.7270402340001
            ],
            [
              -83.243112867,
              35.7226210480001
            ],
            [
              -83.250175473,
              35.72037048
            ],
            [
              -83.255865173,
              35.7150394560001
            ],
            [
              -83.276766116,
              35.7133831400001
            ],
            [
              -83.274942406,
              35.719547461
            ],
            [
              -83.2762470069999,
              35.7294479490001
            ],
            [
              -83.281014608,
              35.7326206180001
            ],
            [
              -83.279040631,
              35.7573018200001
            ],
            [
              -83.298035899,
              35.761099476
            ],
            [
              -83.3716400009999,
              35.755017202
            ],
            [
              -83.4134008999999,
              35.7366233180001
            ],
            [
              -83.469696835,
              35.723082361
            ],
            [
              -83.4812538259999,
              35.7169795230001
            ],
            [
              -83.4960893959999,
              35.713666856
            ],
            [
              -83.498671276,
              35.7048694630001
            ],
            [
              -83.5028446329999,
              35.695880824
            ],
            [
              -83.523001064,
              35.695733997
            ],
            [
              -83.527782324,
              35.6842318160001
            ],
            [
              -83.561155524,
              35.6681431390001
            ],
            [
              -83.567439467,
              35.663372198
            ],
            [
              -83.5573578349999,
              35.6569278200001
            ],
            [
              -83.560861814,
              35.6486870950001
            ],
            [
              -83.585041335,
              35.650408353
            ],
            [
              -83.6823673169999,
              35.638598917
            ],
            [
              -83.757323831,
              35.641816062
            ],
            [
              -83.770301535,
              35.62498286
            ],
            [
              -83.78025339,
              35.627633019
            ],
            [
              -83.805150103,
              35.646477781
            ],
            [
              -83.818865495,
              35.655367401
            ],
            [
              -83.8149721839999,
              35.6623957510001
            ],
            [
              -83.817096432,
              35.6690655190001
            ],
            [
              -83.801557338,
              35.6902154530001
            ],
            [
              -83.822308016,
              35.703753084
            ],
            [
              -83.865380342,
              35.6818723420001
            ],
            [
              -83.8710836989999,
              35.6615727660001
            ],
            [
              -83.8808101499999,
              35.6640999790001
            ],
            [
              -83.894211341,
              35.6582532780001
            ],
            [
              -83.9349066889999,
              35.615666547
            ],
            [
              -83.953089135,
              35.5943424430001
            ],
            [
              -83.973996905,
              35.589810578
            ],
            [
              -83.9999113279999,
              35.558288878
            ],
            [
              -84.004207631,
              35.5530842110001
            ],
            [
              -83.999911325,
              35.5512775980001
            ],
            [
              -83.994255776,
              35.550464789
            ],
            [
              -83.997411405,
              35.5379107430001
            ],
            [
              -83.9930877749999,
              35.5270984100001
            ],
            [
              -83.999924977,
              35.524738557
            ],
            [
              -84.006850974,
              35.5224640820001
            ],
            [
              -84.010785265,
              35.5124816360001
            ],
            [
              -83.9999249699999,
              35.5047429200001
            ],
            [
              -83.993579552,
              35.5001188150001
            ],
            [
              -83.9894130229999,
              35.4948492510001
            ],
            [
              -83.989085164,
              35.48914597
            ],
            [
              -83.9824665309999,
              35.486936368
            ],
            [
              -83.979597777,
              35.4923493590001
            ],
            [
              -83.9763601829999,
              35.4998729060001
            ],
            [
              -83.975048753,
              35.5022225210001
            ],
            [
              -83.971770173,
              35.5023898590001
            ],
            [
              -83.9701718649999,
              35.500129035
            ],
            [
              -83.970137714,
              35.5000436560001
            ],
            [
              -83.960868895,
              35.490778375
            ],
            [
              -83.9525085179999,
              35.4892278930001
            ],
            [
              -83.944537474,
              35.4908364140001
            ],
            [
              -83.938376477,
              35.486902168
            ],
            [
              -83.944120818,
              35.4802972960001
            ],
            [
              -83.9645709499999,
              35.472435669
            ],
            [
              -83.96532912,
              35.4663977050001
            ],
            [
              -83.961285539,
              35.463754383
            ],
            [
              -83.961674869,
              35.459236155
            ],
            [
              -83.964755365,
              35.4548306300001
            ],
            [
              -83.970766093,
              35.4558961600001
            ],
            [
              -83.972685425,
              35.448109645
            ],
            [
              -83.979324547,
              35.447867178
            ],
            [
              -83.9839077239999,
              35.440739788
            ],
            [
              -83.992923815,
              35.438390182
            ],
            [
              -83.998190031,
              35.4338036570001
            ],
            [
              -84.000218648,
              35.4250165070001
            ],
            [
              -84.015286445,
              35.4119399570001
            ],
            [
              -84.022888649,
              35.4117657940001
            ],
            [
              -84.02129717,
              35.403999766
            ],
            [
              -84.0079506169999,
              35.390335781
            ],
            [
              -84.0111130769999,
              35.3848579020001
            ],
            [
              -84.007902798,
              35.37150812
            ],
            [
              -84.022997914,
              35.35472273
            ],
            [
              -84.037956427,
              35.3494702630001
            ],
            [
              -84.034124587,
              35.3432786110001
            ],
            [
              -84.0367269559999,
              35.3372713850001
            ],
            [
              -84.031829579,
              35.3371142820001
            ],
            [
              -84.0290769379999,
              35.3328248650001
            ],
            [
              -84.033263953,
              35.324881256
            ],
            [
              -84.035593105,
              35.3116851620001
            ],
            [
              -84.0276220599999,
              35.309940017
            ],
            [
              -84.0219460179999,
              35.3017744140001
            ],
            [
              -84.023407716,
              35.296539007
            ],
            [
              -84.036733769,
              35.288465633
            ],
            [
              -84.040777345,
              35.280197586
            ],
            [
              -84.052614376,
              35.2693920990001
            ],
            [
              -84.081875686,
              35.261455347
            ],
            [
              -84.082435775,
              35.256288243
            ],
            [
              -84.09802268,
              35.2475489190001
            ],
            [
              -84.106792878,
              35.251233864
            ],
            [
              -84.1139306169999,
              35.249082334
            ],
            [
              -84.12481823,
              35.2495877860001
            ],
            [
              -84.127222517,
              35.2406059730001
            ],
            [
              -84.137474907,
              35.2455306150001
            ],
            [
              -84.1581982549999,
              35.246036078
            ],
            [
              -84.1608689289999,
              35.243000022
            ],
            [
              -84.1662307679999,
              35.23543891
            ],
            [
              -84.1731567579999,
              35.2212490140001
            ],
            [
              -84.1690858539999,
              35.2162697370001
            ],
            [
              -84.1523992589999,
              35.2217373570001
            ],
            [
              -84.107496392,
              35.2129399090001
            ],
            [
              -84.088344037,
              35.230503949
            ],
            [
              -84.069184835,
              35.208247466
            ],
            [
              -83.999795093,
              35.219578821
            ],
            [
              -83.992889588,
              35.2204701650001
            ],
            [
              -83.970964092,
              35.211754705
            ],
            [
              -83.9836480869999,
              35.198367374
            ],
            [
              -83.999515034,
              35.1798300150001
            ],
            [
              -84.031057676,
              35.1424206140001
            ],
            [
              -84.025893911,
              35.1293850220001
            ],
            [
              -84.01805947,
              35.1169129240001
            ],
            [
              -83.99974725,
              35.130136323
            ],
            [
              -83.997937201,
              35.130921803
            ],
            [
              -83.997158541,
              35.1354878440001
            ],
            [
              -83.986783208,
              35.138448758
            ],
            [
              -83.9784160039999,
              35.1457434860001
            ],
            [
              -83.977104572,
              35.1416316570001
            ],
            [
              -83.980396806,
              35.1264752720001
            ],
            [
              -83.987056412,
              35.109064899
            ],
            [
              -84.000136571,
              35.1035802000001
            ],
            [
              -84.0061541279999,
              35.100182143
            ],
            [
              -84.01511557,
              35.088748266
            ],
            [
              -83.999924823,
              35.0856336420001
            ],
            [
              -83.995799279,
              35.084595435
            ],
            [
              -83.9861821219999,
              35.101920427
            ],
            [
              -83.971257764,
              35.1113837620001
            ],
            [
              -83.942023778,
              35.119341004
            ],
            [
              -83.938731543,
              35.1330083880001
            ],
            [
              -83.934018588,
              35.137769087
            ],
            [
              -83.9046684799999,
              35.131416894
            ],
            [
              -83.890836974,
              35.119067735
            ],
            [
              -83.9080836539999,
              35.096025809
            ],
            [
              -83.9257948059999,
              35.0922077020001
            ],
            [
              -83.9251390859999,
              35.075480349
            ],
            [
              -83.910884094,
              35.053753215
            ],
            [
              -83.893664735,
              35.0787486020001
            ],
            [
              -83.861316102,
              35.092788204
            ],
            [
              -83.7777533399999,
              35.093771669
            ],
            [
              -83.7651922859999,
              35.090814143
            ],
            [
              -83.729954402,
              35.096199778
            ],
            [
              -83.68462806,
              35.1052874120001
            ],
            [
              -83.625832223,
              35.0998367820001
            ],
            [
              -83.614555277,
              35.084267147
            ],
            [
              -83.6282979809999,
              35.0666245530001
            ],
            [
              -83.6104638799999,
              35.0565088880001
            ],
            [
              -83.614282057,
              35.049723011
            ],
            [
              -83.608244008,
              35.048015435
            ],
            [
              -83.6061539139999,
              35.0420696740001
            ],
            [
              -83.55297947,
              35.0113743370001
            ],
            [
              -83.554031346,
              35.000182926
            ],
            [
              -83.55523349,
              34.98875587
            ],
            [
              -83.5478840069999,
              34.964696202
            ],
            [
              -83.573661825,
              34.954887951
            ],
            [
              -83.627744695,
              34.919643772
            ],
            [
              -83.626672324,
              34.9097091290001
            ],
            [
              -83.630558803,
              34.894392231
            ],
            [
              -83.644205883,
              34.8907278030001
            ],
            [
              -83.6554759919999,
              34.8784640480001
            ],
            [
              -83.6543899609999,
              34.8651381710001
            ],
            [
              -83.6601138089999,
              34.8541209360001
            ],
            [
              -83.65874773,
              34.830139822
            ],
            [
              -83.651849055,
              34.822332804
            ],
            [
              -83.666746089,
              34.8063977780001
            ],
            [
              -83.7102009019999,
              34.790667694
            ],
            [
              -83.738437655,
              34.801804498
            ],
            [
              -83.797609151,
              34.7889773000001
            ],
            [
              -83.811823153,
              34.7934443190001
            ],
            [
              -83.823653351,
              34.781860178
            ],
            [
              -83.830026081,
              34.7586269870001
            ],
            [
              -83.8769302319999,
              34.7562022910001
            ],
            [
              -83.9103034189999,
              34.7497955260001
            ],
            [
              -83.907045328,
              34.731958246
            ],
            [
              -83.922359017,
              34.7293525110001
            ],
            [
              -83.9389636509999,
              34.741322596
            ],
            [
              -83.985690204,
              34.713574635
            ],
            [
              -83.9961406589999,
              34.6778659400001
            ],
            [
              -83.999514861,
              34.6781664760001
            ],
            [
              -84.0074039369999,
              34.673641425
            ],
            [
              -84.015163238,
              34.673375052
            ],
            [
              -84.018059313,
              34.6704038830001
            ],
            [
              -84.02428178,
              34.6704073060001
            ],
            [
              -84.029035714,
              34.661278641
            ],
            [
              -84.028311693,
              34.6561969110001
            ],
            [
              -84.031200938,
              34.6519177440001
            ],
            [
              -84.0446226189999,
              34.659417407
            ],
            [
              -84.08594636,
              34.6674771840001
            ],
            [
              -84.1397491979999,
              34.7005938570001
            ],
            [
              -84.149817164,
              34.701393012
            ],
            [
              -84.155650279,
              34.651118738
            ],
            [
              -84.161387785,
              34.6398317060001
            ],
            [
              -84.1608276919999,
              34.6344528590001
            ],
            [
              -84.1768790629999,
              34.6352964170001
            ],
            [
              -84.185908809,
              34.6294770280001
            ],
            [
              -84.193961815,
              34.6299551560001
            ],
            [
              -84.19771852,
              34.63299805
            ],
            [
              -84.194118918,
              34.6380797750001
            ],
            [
              -84.198094195,
              34.6425911800001
            ],
            [
              -84.202650051,
              34.6416725120001
            ],
            [
              -84.229664171,
              34.6575666040001
            ],
            [
              -84.234431773,
              34.665370205
            ],
            [
              -84.2424437989999,
              34.6703289970001
            ],
            [
              -84.240538128,
              34.6737680410001
            ],
            [
              -84.246630819,
              34.676944129
            ],
            [
              -84.2491717199999,
              34.6829650230001
            ],
            [
              -84.257655041,
              34.687076861
            ],
            [
              -84.260025185,
              34.699207442
            ],
            [
              -84.2525049559999,
              34.717737985
            ],
            [
              -84.2616576519999,
              34.717751655
            ],
            [
              -84.261145378,
              34.725217151
            ],
            [
              -84.297291704,
              34.7412273670001
            ],
            [
              -84.277066984,
              34.752739782
            ],
            [
              -84.313308954,
              34.804738743
            ],
            [
              -84.315016548,
              34.80704738
            ],
            [
              -84.321191202,
              34.8051861340001
            ],
            [
              -84.3284040729999,
              34.8067775970001
            ],
            [
              -84.3345172579999,
              34.811896899
            ],
            [
              -84.3306922529999,
              34.8177402000001
            ],
            [
              -84.377159271,
              34.8316535290001
            ],
            [
              -84.417731682,
              34.8496581900001
            ],
            [
              -84.4192753469999,
              34.852632778
            ],
            [
              -84.422465131,
              34.854616978
            ],
            [
              -84.546798369,
              34.854921055
            ],
            [
              -84.6232507079999,
              34.8553616880001
            ],
            [
              -84.623892745,
              34.8259129370001
            ],
            [
              -84.754571396,
              34.8259062390001
            ],
            [
              -84.7540181379999,
              34.828566633
            ],
            [
              -84.757180599,
              34.8280475350001
            ],
            [
              -84.762036993,
              34.828774965
            ],
            [
              -84.76274735,
              34.8262306870001
            ],
            [
              -84.767644725,
              34.8261862950001
            ],
            [
              -84.817574704,
              34.782363269
            ],
            [
              -84.824678283,
              34.7736444240001
            ],
            [
              -84.828434984,
              34.7704410260001
            ],
            [
              -84.8326834699999,
              34.7633409540001
            ],
            [
              -84.842259643,
              34.7541952190001
            ],
            [
              -84.845401609,
              34.7481060270001
            ],
            [
              -84.846494465,
              34.743130169
            ],
            [
              -84.822615489,
              34.7425085900001
            ],
            [
              -84.822178342,
              34.7373380670001
            ],
            [
              -84.820723468,
              34.7302687260001
            ],
            [
              -84.807008084,
              34.730709265
            ],
            [
              -84.743308013,
              34.6746599210001
            ],
            [
              -84.7301526959999,
              34.639436152
            ],
            [
              -84.7125439869999,
              34.6159980260001
            ],
            [
              -84.72179912,
              34.5887930270001
            ],
            [
              -84.73101323,
              34.4996886070001
            ],
            [
              -84.723588599,
              34.470755528
            ],
            [
              -84.7201255969999,
              34.4642360220001
            ],
            [
              -84.722543547,
              34.4621152220001
            ],
            [
              -84.720569556,
              34.442006872
            ],
            [
              -84.7217511919999,
              34.4128279110001
            ],
            [
              -84.734127821,
              34.4126230150001
            ],
            [
              -84.734455667,
              34.3964694000001
            ],
            [
              -84.884334463,
              34.398149801
            ],
            [
              -84.9550219559999,
              34.3983991760001
            ],
            [
              -84.955274674,
              34.3910327190001
            ],
            [
              -84.953362165,
              34.3837789570001
            ],
            [
              -84.9709981789999,
              34.383874599
            ],
            [
              -84.972801402,
              34.391063472
            ],
            [
              -84.972336942,
              34.3983855330001
            ],
            [
              -84.980833922,
              34.3985255630001
            ],
            [
              -84.9811959259999,
              34.3918045660001
            ],
            [
              -84.979064846,
              34.3845712950001
            ],
            [
              -84.9878350399999,
              34.384000976
            ],
            [
              -84.990355452,
              34.391367437
            ],
            [
              -84.990533047,
              34.39884318
            ],
            [
              -84.997725427,
              34.3988534330001
            ],
            [
              -84.997424893,
              34.4029652610001
            ],
            [
              -84.999911147,
              34.4027842620001
            ],
            [
              -85.0059901769999,
              34.403494616
            ],
            [
              -85.056541763,
              34.431550047
            ],
            [
              -85.061398157,
              34.4317037330001
            ],
            [
              -85.065284634,
              34.429169702
            ],
            [
              -85.08221029,
              34.429101416
            ],
            [
              -85.0891021309999,
              34.4265503120001
            ],
            [
              -85.18321093,
              34.3896771300001
            ],
            [
              -85.194685955,
              34.39464617
            ],
            [
              -85.201748559,
              34.396565486
            ],
            [
              -85.207001115,
              34.399789384
            ],
            [
              -85.2152658649999,
              34.4027127520001
            ],
            [
              -85.218004849,
              34.40963183
            ],
            [
              -85.2205457489999,
              34.411520405
            ],
            [
              -85.2248761979999,
              34.406657249
            ],
            [
              -85.231528978,
              34.406486499
            ],
            [
              -85.241562799,
              34.4159908450001
            ],
            [
              -85.24132373,
              34.409256187
            ],
            [
              -85.249745575,
              34.408685866
            ],
            [
              -85.2494586939999,
              34.4026376520001
            ],
            [
              -85.2528260669999,
              34.4032557950001
            ],
            [
              -85.2644308609999,
              34.3989766350001
            ],
            [
              -85.266165773,
              34.3961113340001
            ],
            [
              -85.3340391309999,
              34.3714540820001
            ],
            [
              -85.360240398,
              34.3396079190001
            ],
            [
              -85.36455036,
              34.338760968
            ],
            [
              -85.4135309439999,
              34.3458406010001
            ],
            [
              -85.3934906599999,
              34.3653649410001
            ],
            [
              -85.360383881,
              34.387833121
            ],
            [
              -85.290174598,
              34.4806360860001
            ],
            [
              -85.277196913,
              34.499815504
            ],
            [
              -85.267730033,
              34.5140702910001
            ],
            [
              -85.248912395,
              34.5484709830001
            ],
            [
              -85.249766199,
              34.556933702
            ],
            [
              -85.246528607,
              34.559761435
            ],
            [
              -85.247020401,
              34.5688832750001
            ],
            [
              -85.240265183,
              34.588779877
            ],
            [
              -85.2377174599999,
              34.595183262
            ],
            [
              -85.2870054109999,
              34.595753637
            ],
            [
              -85.2946076109999,
              34.594141698
            ],
            [
              -85.29688212,
              34.5887594390001
            ],
            [
              -85.301075956,
              34.576850849
            ],
            [
              -85.306376315,
              34.5683164170001
            ],
            [
              -85.315720262,
              34.5689038310001
            ],
            [
              -85.3146478909999,
              34.565205233
            ],
            [
              -85.320419548,
              34.559836637
            ],
            [
              -85.327850992,
              34.560328424
            ],
            [
              -85.3282334639999,
              34.530531325
            ],
            [
              -85.331812578,
              34.530524498
            ],
            [
              -85.348294231,
              34.4998224010001
            ],
            [
              -85.349919858,
              34.4986612540001
            ],
            [
              -85.3539019629999,
              34.4974966950001
            ],
            [
              -85.354844551,
              34.495119758
            ],
            [
              -85.35953019,
              34.4991667040001
            ],
            [
              -85.368758006,
              34.485635926
            ],
            [
              -85.3654794289999,
              34.486151609
            ],
            [
              -85.365964375,
              34.475410993
            ],
            [
              -85.364700754,
              34.4725935010001
            ],
            [
              -85.373894424,
              34.464004431
            ],
            [
              -85.398879915,
              34.46365611
            ],
            [
              -85.4053414369999,
              34.455043131
            ],
            [
              -85.416030963,
              34.4527106
            ],
            [
              -85.4155187109999,
              34.4798199850001
            ],
            [
              -85.4118713139999,
              34.4997780630001
            ],
            [
              -85.4028416089999,
              34.546008811
            ],
            [
              -85.442218692,
              34.546521118
            ],
            [
              -85.4349443569999,
              34.5544886340001
            ],
            [
              -85.435279048,
              34.5585697270001
            ],
            [
              -85.4391450379999,
              34.5579925710001
            ],
            [
              -85.437676509,
              34.559833331
            ],
            [
              -85.439589014,
              34.5617526410001
            ],
            [
              -85.430074309,
              34.5613120800001
            ],
            [
              -85.422943408,
              34.5668070340001
            ],
            [
              -85.4204093499999,
              34.575239014
            ],
            [
              -85.412021669,
              34.590340756
            ],
            [
              -85.463379242,
              34.61108095
            ],
            [
              -85.4590761109999,
              34.6133554290001
            ],
            [
              -85.458980501,
              34.627326768
            ],
            [
              -85.464718014,
              34.630567741
            ],
            [
              -85.463502267,
              34.6893388880001
            ],
            [
              -85.455449269,
              34.6982865480001
            ],
            [
              -85.456268929,
              34.7136000360001
            ],
            [
              -85.447724141,
              34.7196755620001
            ],
            [
              -85.4501557629999,
              34.7304639920001
            ],
            [
              -85.438469004,
              34.734954891
            ],
            [
              -85.421925872,
              34.7606264830001
            ],
            [
              -85.4230597229999,
              34.770465502
            ],
            [
              -85.429268528,
              34.768877468
            ],
            [
              -85.4326768989999,
              34.7848125140001
            ],
            [
              -85.422192293,
              34.7976944120001
            ],
            [
              -85.4209560049999,
              34.807830546
            ],
            [
              -85.417950648,
              34.8135713940001
            ],
            [
              -85.400492243,
              34.8373305060001
            ],
            [
              -85.4002736849999,
              34.8506119850001
            ],
            [
              -85.387589697,
              34.8618887640001
            ],
            [
              -85.379953372,
              34.8930792290001
            ],
            [
              -85.383785212,
              34.894400891
            ],
            [
              -85.379331818,
              34.9031504750001
            ],
            [
              -85.404590518,
              34.8915014570001
            ],
            [
              -85.425136267,
              34.883585182
            ],
            [
              -85.441208134,
              34.8879121790001
            ],
            [
              -85.441276451,
              34.900923861
            ],
            [
              -85.4396371669999,
              34.9064290650001
            ],
            [
              -85.4199657139999,
              34.9222411430001
            ],
            [
              -85.402404841,
              34.933514503
            ],
            [
              -85.3985593529999,
              34.9444941740001
            ],
            [
              -85.383566703,
              34.9599374210001
            ],
            [
              -85.3667776729999,
              34.9831671860001
            ],
            [
              -85.401933593,
              34.98285644
            ],
            [
              -85.402623456,
              34.978481647
            ],
            [
              -85.408839094,
              34.978570446
            ],
            [
              -85.408354142,
              34.9829418240001
            ],
            [
              -85.4568771,
              34.983160438
            ],
            [
              -85.4559549969999,
              34.981155749
            ],
            [
              -85.461644695,
              34.979017878
            ],
            [
              -85.469096634,
              34.9828018590001
            ],
            [
              -85.496547896,
              34.983228776
            ],
            [
              -85.4970396799999,
              34.980206378
            ],
            [
              -85.5001270079999,
              34.9805137430001
            ],
            [
              -85.4995669199999,
              34.983119495
            ],
            [
              -85.6055811149999,
              34.9847383650001
            ],
            [
              -85.581066768,
              34.8475214470001
            ],
            [
              -85.553444607,
              34.711363207
            ],
            [
              -85.525214551,
              34.579234823
            ],
            [
              -85.513104249,
              34.5235851
            ],
            [
              -85.5080019379999,
              34.50012308
            ],
            [
              -85.478221391,
              34.363476447
            ],
            [
              -85.450305538,
              34.2278714230001
            ],
            [
              -85.423803576,
              34.0931065140001
            ],
            [
              -85.406263102,
              34.000170256
            ],
            [
              -85.3990570289999,
              33.963935598
            ],
            [
              -85.4078340519999,
              33.9644239720001
            ],
            [
              -85.408093602,
              33.960254084
            ],
            [
              -85.425340283,
              33.9608346740001
            ],
            [
              -85.4255793419999,
              33.956756995
            ],
            [
              -85.495324231,
              33.956699003
            ],
            [
              -85.496020914,
              33.942536411
            ],
            [
              -85.5304323079999,
              33.941675828
            ],
            [
              -85.5294624109999,
              33.9561594420001
            ],
            [
              -85.6672992479999,
              33.964253452
            ],
            [
              -85.6692595549999,
              33.954902797
            ],
            [
              -85.678767406,
              33.9350608330001
            ],
            [
              -85.68246262,
              33.920833357
            ],
            [
              -85.688732892,
              33.9157721220001
            ],
            [
              -85.706826532,
              33.911062659
            ],
            [
              -85.717912212,
              33.9032351640001
            ],
            [
              -85.7277342679999,
              33.8914836710001
            ],
            [
              -85.730842068,
              33.875552038
            ],
            [
              -85.7328775129999,
              33.871863687
            ],
            [
              -85.733949873,
              33.864504057
            ],
            [
              -85.748730768,
              33.8443410740001
            ],
            [
              -85.762357338,
              33.832104633
            ],
            [
              -85.7856147529999,
              33.843343885
            ],
            [
              -85.7894056069999,
              33.843801517
            ],
            [
              -85.794296155,
              33.8470083400001
            ],
            [
              -85.801331434,
              33.847148367
            ],
            [
              -85.806085366,
              33.8439381380001
            ],
            [
              -85.813660241,
              33.8410967470001
            ],
            [
              -85.83943124,
              33.859589762
            ],
            [
              -85.838317903,
              33.8713241880001
            ],
            [
              -85.864088899,
              33.8858932040001
            ],
            [
              -85.864129885,
              33.890295322
            ],
            [
              -85.8695122139999,
              33.8883418660001
            ],
            [
              -85.883193454,
              33.9005988210001
            ],
            [
              -85.889135878,
              33.903621226
            ],
            [
              -85.893541464,
              33.901831696
            ],
            [
              -85.897783127,
              33.9053561260001
            ],
            [
              -85.8966083079999,
              33.910079265
            ],
            [
              -85.899299491,
              33.9249351330001
            ],
            [
              -85.899169736,
              33.943294935
            ],
            [
              -85.8816156889999,
              33.9432607680001
            ],
            [
              -85.8813561429999,
              33.9502310720001
            ],
            [
              -85.845810907,
              33.950289098
            ],
            [
              -85.845763103,
              33.9576726340001
            ],
            [
              -85.814828355,
              33.948028246
            ],
            [
              -85.7405959,
              33.935842956
            ],
            [
              -85.736661666,
              33.989406031
            ],
            [
              -85.74263825,
              34.0003891310001
            ],
            [
              -85.796871498,
              34.110069858
            ],
            [
              -85.7900957849999,
              34.1207216780001
            ],
            [
              -85.790778826,
              34.1250828130001
            ],
            [
              -85.796420715,
              34.1290648730001
            ],
            [
              -85.811338237,
              34.125455081
            ],
            [
              -85.8341994629999,
              34.1096259220001
            ],
            [
              -85.841391842,
              34.110407996
            ],
            [
              -85.8440285039999,
              34.231850416
            ],
            [
              -85.8563095069999,
              34.2320450890001
            ],
            [
              -85.85613876,
              34.242379305
            ],
            [
              -85.897127827,
              34.260650345
            ],
            [
              -85.896663347,
              34.248297779
            ],
            [
              -85.93869738,
              34.19959449
            ],
            [
              -85.999713066,
              34.199587712
            ],
            [
              -86.024821469,
              34.1716723710001
            ],
            [
              -86.034930403,
              34.161802621
            ],
            [
              -86.048666264,
              34.154190283
            ],
            [
              -86.050319202,
              34.1442044120001
            ],
            [
              -86.056568984,
              34.1398808490001
            ],
            [
              -86.062873412,
              34.138682139
            ],
            [
              -86.067634176,
              34.1350825850001
            ],
            [
              -86.0782622249999,
              34.1318040580001
            ],
            [
              -86.0865611249999,
              34.1326715110001
            ],
            [
              -86.100706827,
              34.139768186
            ],
            [
              -86.111082164,
              34.1447508850001
            ],
            [
              -86.1072093619999,
              34.158513901
            ],
            [
              -86.112304823,
              34.16276234
            ],
            [
              -86.116170812,
              34.1628955350001
            ],
            [
              -86.118178947,
              34.1682436470001
            ],
            [
              -86.1202212279999,
              34.1690291310001
            ],
            [
              -86.1264983519999,
              34.180766976
            ],
            [
              -86.123206121,
              34.1864770890001
            ],
            [
              -86.145882947,
              34.1867947170001
            ],
            [
              -86.145992206,
              34.1653442150001
            ],
            [
              -86.151354044,
              34.16511882
            ],
            [
              -86.151183292,
              34.1702278710001
            ],
            [
              -86.153498789,
              34.171809083
            ],
            [
              -86.155459102,
              34.169435562
            ],
            [
              -86.155609364,
              34.164951482
            ],
            [
              -86.161299061,
              34.1647943900001
            ],
            [
              -86.161456168,
              34.1716144270001
            ],
            [
              -86.169577478,
              34.1717612850001
            ],
            [
              -86.169516,
              34.1686227710001
            ],
            [
              -86.174768553,
              34.168397375
            ],
            [
              -86.1747617359999,
              34.1777412010001
            ],
            [
              -86.172377937,
              34.1777787660001
            ],
            [
              -86.172159371,
              34.1828878170001
            ],
            [
              -86.174857366,
              34.182228696
            ],
            [
              -86.1777807669999,
              34.184332426
            ],
            [
              -86.181332556,
              34.1820852660001
            ],
            [
              -86.1843515799999,
              34.183116641
            ],
            [
              -86.1867763609999,
              34.1826624290001
            ],
            [
              -86.189112348,
              34.1836972190001
            ],
            [
              -86.1939823979999,
              34.1813237000001
            ],
            [
              -86.1967350319999,
              34.1779119770001
            ],
            [
              -86.2017143689999,
              34.1758833870001
            ],
            [
              -86.303152074,
              34.0990427940001
            ],
            [
              -86.305481234,
              34.102229123
            ],
            [
              -86.311362188,
              34.106573188
            ],
            [
              -86.313274699,
              34.1120988870001
            ],
            [
              -86.321218422,
              34.115005179
            ],
            [
              -86.3237729849999,
              34.118461304
            ],
            [
              -86.367514727,
              34.1625917920001
            ],
            [
              -86.367214195,
              34.1652077890001
            ],
            [
              -86.364236153,
              34.1651633910001
            ],
            [
              -86.3643591109999,
              34.1728781940001
            ],
            [
              -86.3755950679999,
              34.1736431950001
            ],
            [
              -86.375840959,
              34.1711262360001
            ],
            [
              -86.4061268579999,
              34.202046947
            ],
            [
              -86.444226723,
              34.2486773110001
            ],
            [
              -86.4835013479999,
              34.250381498
            ],
            [
              -86.483166674,
              34.259906325
            ],
            [
              -86.486014938,
              34.259861931
            ],
            [
              -86.491445078,
              34.2572903330001
            ],
            [
              -86.492503782,
              34.2555349520001
            ],
            [
              -86.4911855189999,
              34.2540083820001
            ],
            [
              -86.495645745,
              34.250613736
            ],
            [
              -86.498910659,
              34.248612467
            ],
            [
              -86.5102695689999,
              34.2536702990001
            ],
            [
              -86.516321276,
              34.252854085
            ],
            [
              -86.51886217,
              34.2506513210001
            ],
            [
              -86.5199686839999,
              34.2468161190001
            ],
            [
              -86.52531685,
              34.2377625840001
            ],
            [
              -86.522400276,
              34.2335141470001
            ],
            [
              -86.5242786169999,
              34.2259598570001
            ],
            [
              -86.5276186689999,
              34.227161988
            ],
            [
              -86.529196481,
              34.2249045820001
            ],
            [
              -86.5338274709999,
              34.224098612
            ],
            [
              -86.540022618,
              34.226065738
            ],
            [
              -86.538267209,
              34.223227754
            ],
            [
              -86.5427479209999,
              34.2160149800001
            ],
            [
              -86.547092036,
              34.21605938
            ],
            [
              -86.5428503699999,
              34.211664091
            ],
            [
              -86.5496739,
              34.20545537
            ],
            [
              -86.554093149,
              34.205451958
            ],
            [
              -86.548389781,
              34.199014413
            ],
            [
              -86.5565657239999,
              34.193249662
            ],
            [
              -86.554523436,
              34.1876590730001
            ],
            [
              -86.545521008,
              34.186887245
            ],
            [
              -86.549940248,
              34.180931242
            ],
            [
              -86.557446821,
              34.1783801380001
            ],
            [
              -86.563525838,
              34.1709658720001
            ],
            [
              -86.5681021839999,
              34.1700232960001
            ],
            [
              -86.573948973,
              34.1654504260001
            ],
            [
              -86.575130615,
              34.1578346630001
            ],
            [
              -86.582589372,
              34.153951654
            ],
            [
              -86.584153521,
              34.1498125040001
            ],
            [
              -86.584174006,
              34.145557238
            ],
            [
              -86.5891670079999,
              34.146923298
            ],
            [
              -86.5910999989999,
              34.1450449720001
            ],
            [
              -86.587561857,
              34.1373233360001
            ],
            [
              -86.598818299,
              34.1332627420001
            ],
            [
              -86.604166463,
              34.1233588360001
            ],
            [
              -86.5991802899999,
              34.120780401
            ],
            [
              -86.605539359,
              34.117870705
            ],
            [
              -86.612294587,
              34.112987058
            ],
            [
              -86.615504866,
              34.1170271730001
            ],
            [
              -86.6218161359999,
              34.123092469
            ],
            [
              -86.64051767,
              34.1125089610001
            ],
            [
              -86.638372924,
              34.1061909480001
            ],
            [
              -86.644451956,
              34.108229791
            ],
            [
              -86.6527645149999,
              34.107789245
            ],
            [
              -86.6555649439999,
              34.093309048
            ],
            [
              -86.669751605,
              34.08293386
            ],
            [
              -86.6720602779999,
              34.088541524
            ],
            [
              -86.687087074,
              34.078955234
            ],
            [
              -86.688637581,
              34.087520409
            ],
            [
              -86.6877496399999,
              34.0923425880001
            ],
            [
              -86.691977639,
              34.092564575
            ],
            [
              -86.6957753149999,
              34.086564175
            ],
            [
              -86.704087866,
              34.081362922
            ],
            [
              -86.6840885079999,
              34.056275279
            ],
            [
              -86.686513281,
              34.0512345330001
            ],
            [
              -86.696349023,
              34.0583072970001
            ],
            [
              -86.6957957669999,
              34.0611282040001
            ],
            [
              -86.7034389469999,
              34.0592532970001
            ],
            [
              -86.7094496509999,
              34.045968402
            ],
            [
              -86.70003056,
              34.0372666150001
            ],
            [
              -86.7098662769999,
              34.028332612
            ],
            [
              -86.719742996,
              34.032727907
            ],
            [
              -86.725057008,
              34.0225644500001
            ],
            [
              -86.722953246,
              34.0172095070001
            ],
            [
              -86.728369727,
              34.016113251
            ],
            [
              -86.743259919,
              34.008582876
            ],
            [
              -86.7434443339999,
              34.0054443610001
            ],
            [
              -86.7405619099999,
              34.0001952870001
            ],
            [
              -86.761503813,
              33.9953014050001
            ],
            [
              -86.757467057,
              33.9905646
            ],
            [
              -86.762985986,
              33.984700807
            ],
            [
              -86.762268782,
              33.9744963640001
            ],
            [
              -86.775444561,
              33.9732908290001
            ],
            [
              -86.776844782,
              33.9704699230001
            ],
            [
              -86.770506197,
              33.968635987
            ],
            [
              -86.7723913739999,
              33.9654428310001
            ],
            [
              -86.783087736,
              33.9690936260001
            ],
            [
              -86.786175058,
              33.9655111450001
            ],
            [
              -86.794029976,
              33.9625024110001
            ],
            [
              -86.788190007,
              33.959377552
            ],
            [
              -86.790512324,
              33.953882591
            ],
            [
              -86.795054517,
              33.9525950870001
            ],
            [
              -86.803032392,
              33.955504793
            ],
            [
              -86.809951552,
              33.9536367160001
            ],
            [
              -86.820859657,
              33.9581037290001
            ],
            [
              -86.824233851,
              33.952933208
            ],
            [
              -86.818407529,
              33.9416905570001
            ],
            [
              -86.823878656,
              33.942913182
            ],
            [
              -86.836904181,
              33.9508841310001
            ],
            [
              -86.842067938,
              33.9496137030001
            ],
            [
              -86.8609333919999,
              33.9348364000001
            ],
            [
              -86.859362397,
              33.9286208410001
            ],
            [
              -86.8780161459999,
              33.936451774
            ],
            [
              -86.8856183409999,
              33.933371322
            ],
            [
              -86.883050106,
              33.9234093530001
            ],
            [
              -86.886977557,
              33.916828378
            ],
            [
              -86.894880293,
              33.916541512
            ],
            [
              -86.909258213,
              33.9130102660001
            ],
            [
              -86.916040774,
              33.916162447
            ],
            [
              -86.92244765,
              33.910158632
            ],
            [
              -86.925835509,
              33.9081095500001
            ],
            [
              -86.927672861,
              33.897338195
            ],
            [
              -86.9214025799999,
              33.8959004160001
            ],
            [
              -86.9205760839999,
              33.881911996
            ],
            [
              -86.9244420639999,
              33.876823438
            ],
            [
              -86.920159417,
              33.873199969
            ],
            [
              -86.92450353,
              33.8722334870001
            ],
            [
              -86.932549695,
              33.867281538
            ],
            [
              -86.944297927,
              33.8667248780001
            ],
            [
              -86.951968439,
              33.8719056530001
            ],
            [
              -86.952965668,
              33.868630534
            ],
            [
              -86.947371585,
              33.8619710040001
            ],
            [
              -86.9508960539999,
              33.861339205
            ],
            [
              -86.9549464689999,
              33.865177826
            ],
            [
              -86.963880594,
              33.8677186990001
            ],
            [
              -86.960458573,
              33.8633643910001
            ],
            [
              -86.959556956,
              33.858033354
            ],
            [
              -86.9744881459999,
              33.8607005910001
            ],
            [
              -86.9931145579999,
              33.8598434030001
            ],
            [
              -86.995812568,
              33.8688901150001
            ],
            [
              -87.000129364,
              33.8702834960001
            ],
            [
              -87.00701437,
              33.8676879930001
            ],
            [
              -87.007171504,
              33.8892887640001
            ],
            [
              -87.091792938,
              33.89006406
            ],
            [
              -87.0901741449999,
              33.8928269090001
            ],
            [
              -87.101232521,
              33.8988068300001
            ],
            [
              -87.0971684579999,
              33.9022117230001
            ],
            [
              -87.082298753,
              33.9066172450001
            ],
            [
              -87.0856183339999,
              33.918959569
            ],
            [
              -87.096178104,
              33.931455579
            ],
            [
              -87.105542547,
              33.935977232
            ],
            [
              -87.1060753309999,
              33.94544059
            ],
            [
              -87.112618835,
              33.951546867
            ],
            [
              -87.109791071,
              33.956888146
            ],
            [
              -87.119988824,
              33.9642238770001
            ],
            [
              -87.1358216199999,
              33.965507981
            ],
            [
              -87.140029136,
              33.970856096
            ],
            [
              -87.137952715,
              33.9769691970001
            ],
            [
              -87.1479250789999,
              33.9920026560001
            ],
            [
              -87.1632524409999,
              34.000806901
            ],
            [
              -87.169509067,
              34.0052568350001
            ],
            [
              -87.189877222,
              34.003040422
            ],
            [
              -87.191659943,
              34.0001375530001
            ],
            [
              -87.202697792,
              33.9847796700001
            ],
            [
              -87.216351715,
              33.993976655
            ],
            [
              -87.2876675959999,
              33.9952437210001
            ],
            [
              -87.2869982289999,
              34.0001068820001
            ],
            [
              -87.287107642,
              34.0718726590001
            ],
            [
              -87.341552511,
              34.0715789930001
            ],
            [
              -87.341470649,
              34.1277717250001
            ],
            [
              -87.3434652609999,
              34.2075323440001
            ],
            [
              -87.341457337,
              34.3206725410001
            ],
            [
              -87.348007651,
              34.315064884
            ],
            [
              -87.35189417,
              34.3362319290001
            ],
            [
              -87.3238829159999,
              34.3871345810001
            ],
            [
              -87.364188925,
              34.385013805
            ],
            [
              -87.410772086,
              34.4067204680001
            ],
            [
              -87.4108335769999,
              34.4162077290001
            ],
            [
              -87.4412833539999,
              34.409374052
            ],
            [
              -87.467730509,
              34.389139361
            ],
            [
              -87.531635447,
              34.3881934080001
            ],
            [
              -87.539866095,
              34.415866297
            ],
            [
              -87.586695084,
              34.4013007520001
            ],
            [
              -87.611571302,
              34.4068879370001
            ],
            [
              -87.627342601,
              34.3939479790001
            ],
            [
              -87.66771009,
              34.395126228
            ],
            [
              -87.713610191,
              34.403435292
            ],
            [
              -87.735426419,
              34.416651899
            ],
            [
              -87.753588351,
              34.405419513
            ],
            [
              -87.7818387889999,
              34.4191893760001
            ],
            [
              -87.806626194,
              34.4155556810001
            ],
            [
              -87.841829929,
              34.4196880220001
            ],
            [
              -87.858147676,
              34.4156410900001
            ],
            [
              -87.869895917,
              34.4182024520001
            ],
            [
              -87.891145217,
              34.427153548
            ],
            [
              -87.9261508549999,
              34.4231237020001
            ],
            [
              -87.9470313309999,
              34.4396495780001
            ],
            [
              -87.972474436,
              34.428803106
            ],
            [
              -87.9889492569999,
              34.413482796
            ],
            [
              -87.999789064,
              34.4177961240001
            ],
            [
              -88.029733431,
              34.4296603390001
            ],
            [
              -88.039418855,
              34.4102794230001
            ],
            [
              -88.0692471469999,
              34.441736297
            ],
            [
              -88.09726532,
              34.439017861
            ],
            [
              -88.1155228539999,
              34.417977191
            ],
            [
              -88.146327823,
              34.417724488
            ],
            [
              -88.146143383,
              34.4086231380001
            ],
            [
              -88.163205648,
              34.4088656220001
            ],
            [
              -88.1632534519999,
              34.4052250820001
            ],
            [
              -88.168369304,
              34.3616922900001
            ],
            [
              -88.191462394,
              34.182841384
            ],
            [
              -88.2089068559999,
              34.0444530500001
            ],
            [
              -88.2142207859999,
              33.999929857
            ],
            [
              -88.233659712,
              33.8604418350001
            ],
            [
              -88.2440553869999,
              33.79407881
            ],
            [
              -88.244342232,
              33.7798171790001
            ],
            [
              -88.25139788,
              33.7240035230001
            ],
            [
              -88.26713476,
              33.5919570720001
            ],
            [
              -88.279415558,
              33.499157423
            ],
            [
              -88.2914299619999,
              33.4017917250001
            ],
            [
              -88.3079933079999,
              33.266951664
            ],
            [
              -88.324624956,
              33.1322003880001
            ],
            [
              -88.340641874,
              32.9988868770001
            ],
            [
              -88.347847757,
              32.928797898
            ],
            [
              -88.357034432,
              32.852018652
            ],
            [
              -88.3724229489999,
              32.7164545410001
            ],
            [
              -88.389450747,
              32.57755724
            ],
            [
              -88.4692840499999,
              32.57758119
            ],
            [
              -88.581609398,
              32.577663214
            ],
            [
              -88.747682885,
              32.577034913
            ],
            [
              -88.9144120889999,
              32.57663884
            ],
            [
              -88.9150404599999,
              32.5674042910001
            ],
            [
              -88.931604095,
              32.5675545650001
            ],
            [
              -88.931720234,
              32.57681302
            ],
            [
              -88.966493621,
              32.576512504
            ],
            [
              -88.9662203619999,
              32.558548848
            ],
            [
              -88.9491990929999,
              32.5585625000001
            ],
            [
              -88.949246801,
              32.5147257140001
            ],
            [
              -88.931740576,
              32.5148042540001
            ],
            [
              -88.9318429959999,
              32.499999605
            ],
            [
              -88.931952248,
              32.4858233420001
            ],
            [
              -88.965865007,
              32.4853213320001
            ],
            [
              -88.965550706,
              32.4421334210001
            ],
            [
              -88.9884187649999,
              32.4419729200001
            ],
            [
              -88.983767318,
              32.454964126
            ],
            [
              -88.997872064,
              32.4726170120001
            ],
            [
              -88.999982659,
              32.477797787
            ],
            [
              -89.0056313759999,
              32.4803113350001
            ],
            [
              -89.006478354,
              32.4854818630001
            ],
            [
              -89.0189574299999,
              32.485543342
            ],
            [
              -89.018868631,
              32.48334399
            ],
            [
              -89.044455176,
              32.4831834890001
            ],
            [
              -89.044537111,
              32.471305618
            ],
            [
              -89.06288347,
              32.4712646450001
            ],
            [
              -89.066626516,
              32.473685984
            ],
            [
              -89.066421616,
              32.4778968570001
            ],
            [
              -89.0642563979999,
              32.4813085850001
            ],
            [
              -89.068443433,
              32.489747407
            ],
            [
              -89.0681224149999,
              32.4936372560001
            ],
            [
              -89.075485564,
              32.5000440700001
            ],
            [
              -89.081079647,
              32.506273294
            ],
            [
              -89.080765462,
              32.510627603
            ],
            [
              -89.083791318,
              32.5125708210001
            ],
            [
              -89.083948458,
              32.52961922
            ],
            [
              -89.101809863,
              32.5298207210001
            ],
            [
              -89.101946491,
              32.538252712
            ],
            [
              -89.096803227,
              32.538368824
            ],
            [
              -89.09668712,
              32.5421084060001
            ],
            [
              -89.092322515,
              32.5418488540001
            ],
            [
              -89.092322537,
              32.550373053
            ],
            [
              -89.098264956,
              32.5508648360001
            ],
            [
              -89.0978961449999,
              32.5626744030001
            ],
            [
              -89.092698239,
              32.563155936
            ],
            [
              -89.092793888,
              32.5730803440001
            ],
            [
              -89.096810143,
              32.573111082
            ],
            [
              -89.097103857,
              32.576864325
            ],
            [
              -89.106099448,
              32.5767584600001
            ],
            [
              -89.106044841,
              32.591149876
            ],
            [
              -89.110525561,
              32.5914743160001
            ],
            [
              -89.110744154,
              32.600155612
            ],
            [
              -89.114562327,
              32.599643342
            ],
            [
              -89.1146169849999,
              32.605824753
            ],
            [
              -89.119254803,
              32.6058281690001
            ],
            [
              -89.119603166,
              32.6117841810001
            ],
            [
              -89.127984023,
              32.611545124
            ],
            [
              -89.12892666,
              32.62998007
            ],
            [
              -89.1467880659999,
              32.630587974
            ],
            [
              -89.147471078,
              32.6205645270001
            ],
            [
              -89.141371562,
              32.6208104150001
            ],
            [
              -89.141289591,
              32.6184471350001
            ],
            [
              -89.1377856139999,
              32.6183002820001
            ],
            [
              -89.138120273,
              32.6068868720001
            ],
            [
              -89.135490583,
              32.6067980780001
            ],
            [
              -89.135429104,
              32.6045065160001
            ],
            [
              -89.129104185,
              32.604154753
            ],
            [
              -89.128147865,
              32.5768267720001
            ],
            [
              -89.145838511,
              32.576860932
            ],
            [
              -89.1459682459999,
              32.5602018610001
            ],
            [
              -89.168487957,
              32.559706675
            ],
            [
              -89.168125913,
              32.545366486
            ],
            [
              -89.176233555,
              32.5450113150001
            ],
            [
              -89.1782484399999,
              32.515975763
            ],
            [
              -89.212366107,
              32.5143057720001
            ],
            [
              -89.2108019299999,
              32.5048116720001
            ],
            [
              -89.213014957,
              32.5004812710001
            ],
            [
              -89.209579273,
              32.4964992110001
            ],
            [
              -89.209886624,
              32.4902051010001
            ],
            [
              -89.202769384,
              32.490246079
            ],
            [
              -89.2025985779999,
              32.4716198850001
            ],
            [
              -89.193917186,
              32.471981886
            ],
            [
              -89.194087859,
              32.437956806
            ],
            [
              -89.1991491489999,
              32.4337800870001
            ],
            [
              -89.200201017,
              32.4308977060001
            ],
            [
              -89.2196607119999,
              32.4253583510001
            ],
            [
              -89.232775013,
              32.425945762
            ],
            [
              -89.2390999249999,
              32.423893263
            ],
            [
              -89.2488263819999,
              32.4307542920001
            ],
            [
              -89.252692364,
              32.429142346
            ],
            [
              -89.2572413939999,
              32.431922275
            ],
            [
              -89.265670057,
              32.429429224
            ],
            [
              -89.27090892,
              32.418910582
            ],
            [
              -89.276140972,
              32.416335566
            ],
            [
              -89.276468811,
              32.4088051740001
            ],
            [
              -89.281475456,
              32.4042152220001
            ],
            [
              -89.278886735,
              32.3989149170001
            ],
            [
              -89.270314609,
              32.3913879360001
            ],
            [
              -89.2640170129999,
              32.391176194
            ],
            [
              -89.267377541,
              32.386797981
            ],
            [
              -89.263586652,
              32.3726422070001
            ],
            [
              -89.260799855,
              32.3695412550001
            ],
            [
              -89.262329834,
              32.3603579320001
            ],
            [
              -89.260342188,
              32.3563827040001
            ],
            [
              -89.2621044059999,
              32.350037367
            ],
            [
              -89.2591468529999,
              32.3482649060001
            ],
            [
              -89.2597820679999,
              32.344576551
            ],
            [
              -89.258518436,
              32.33899962
            ],
            [
              -89.2625688219999,
              32.330591536
            ],
            [
              -89.271953746,
              32.3323947370001
            ],
            [
              -89.271461942,
              32.3250760820001
            ],
            [
              -89.3053405479999,
              32.32525027
            ],
            [
              -89.305661589,
              32.330854521
            ],
            [
              -89.321173346,
              32.3307862250001
            ],
            [
              -89.321214356,
              32.341584911
            ],
            [
              -89.314274708,
              32.3419947250001
            ],
            [
              -89.314220096,
              32.3544190200001
            ],
            [
              -89.3225667999999,
              32.354029697
            ],
            [
              -89.322621473,
              32.365764132
            ],
            [
              -89.3431603779999,
              32.365719745
            ],
            [
              -89.342784681,
              32.3547161490001
            ],
            [
              -89.349567232,
              32.354760549
            ],
            [
              -89.349587705,
              32.3479439220001
            ],
            [
              -89.336507556,
              32.3470252430001
            ],
            [
              -89.3301894579999,
              32.3430875780001
            ],
            [
              -89.4438330569999,
              32.3424899770001
            ],
            [
              -89.4446391389999,
              32.3803297740001
            ],
            [
              -89.4734291249999,
              32.3803844280001
            ],
            [
              -89.473504267,
              32.3833624330001
            ],
            [
              -89.490184017,
              32.383676634
            ],
            [
              -89.490388969,
              32.3990277070001
            ],
            [
              -89.47332672,
              32.399536556
            ],
            [
              -89.472145277,
              32.47957387
            ],
            [
              -89.463252142,
              32.4797036420001
            ],
            [
              -89.462494024,
              32.4996856490001
            ],
            [
              -89.462173003,
              32.5018645100001
            ],
            [
              -89.445998698,
              32.501601538
            ],
            [
              -89.4457665419999,
              32.5305926940001
            ],
            [
              -89.455014857,
              32.530917136
            ],
            [
              -89.455110688,
              32.609318591
            ],
            [
              -89.463996992,
              32.6088882870001
            ],
            [
              -89.464509221,
              32.5909690280001
            ],
            [
              -89.4716128009999,
              32.5906958190001
            ],
            [
              -89.474187802,
              32.5731385660001
            ],
            [
              -89.536549034,
              32.5731112710001
            ],
            [
              -89.536870068,
              32.5759936520001
            ],
            [
              -89.575393327,
              32.5759970820001
            ],
            [
              -89.575509424,
              32.5687569770001
            ],
            [
              -89.600283157,
              32.5685452490001
            ],
            [
              -89.6006861289999,
              32.56120952
            ],
            [
              -89.6098319879999,
              32.5613392990001
            ],
            [
              -89.6103646559999,
              32.5243259700001
            ],
            [
              -89.627351773,
              32.524080086
            ],
            [
              -89.627119506,
              32.511389412
            ],
            [
              -89.6443593449999,
              32.5107200510001
            ],
            [
              -89.6442705219999,
              32.4999042900001
            ],
            [
              -89.644850992,
              32.458922563
            ],
            [
              -89.607304476,
              32.458495656
            ],
            [
              -89.607727919,
              32.4436671010001
            ],
            [
              -89.603458942,
              32.4437354020001
            ],
            [
              -89.6037115079999,
              32.3850768890001
            ],
            [
              -89.6448576239999,
              32.3856028370001
            ],
            [
              -89.6448713189999,
              32.3980715280001
            ],
            [
              -89.670744739,
              32.397852969
            ],
            [
              -89.6700481669999,
              32.444251115
            ],
            [
              -89.7026358379999,
              32.4446438680001
            ],
            [
              -89.703236868,
              32.429449893
            ],
            [
              -89.747559103,
              32.429419174
            ],
            [
              -89.74019588,
              32.3963195950001
            ],
            [
              -89.781526415,
              32.396206911
            ],
            [
              -89.781417232,
              32.433332942
            ],
            [
              -89.837549167,
              32.4332100170001
            ],
            [
              -89.833683091,
              32.4009608100001
            ],
            [
              -89.885757789,
              32.400322197
            ],
            [
              -89.8889064259999,
              32.342654075
            ],
            [
              -89.92226592,
              32.3409055330001
            ],
            [
              -89.922634784,
              32.3496653780001
            ],
            [
              -89.948897535,
              32.3496380660001
            ],
            [
              -89.9522443399999,
              32.323672727
            ],
            [
              -89.993335811,
              32.323034109
            ],
            [
              -89.995405627,
              32.399273786
            ],
            [
              -90.000350811,
              32.399345506
            ],
            [
              -90.021770835,
              32.3995435910001
            ],
            [
              -90.0240249409999,
              32.4295524620001
            ],
            [
              -90.0003919769999,
              32.4639361230001
            ],
            [
              -89.9856452769999,
              32.4841230330001
            ],
            [
              -89.961438485,
              32.4913938670001
            ],
            [
              -89.953296715,
              32.500116142
            ],
            [
              -89.887896143,
              32.5611583990001
            ],
            [
              -89.869249247,
              32.560915917
            ],
            [
              -89.86118265,
              32.5841559670001
            ],
            [
              -89.847890755,
              32.5823493510001
            ],
            [
              -89.8391752379999,
              32.592796272
            ],
            [
              -89.837105617,
              32.5852112380001
            ],
            [
              -89.8328708029999,
              32.5898285110001
            ],
            [
              -89.833116689,
              32.587034923
            ],
            [
              -89.828410564,
              32.5858840180001
            ],
            [
              -89.8163822929999,
              32.5866490060001
            ],
            [
              -89.818226485,
              32.5842754820001
            ],
            [
              -89.813882366,
              32.581679971
            ],
            [
              -89.812905636,
              32.5861982060001
            ],
            [
              -89.807953616,
              32.584159363
            ],
            [
              -89.806539737,
              32.5865738690001
            ],
            [
              -89.8093880119999,
              32.5911057650001
            ],
            [
              -89.803322642,
              32.589210359
            ],
            [
              -89.797769557,
              32.5899172920001
            ],
            [
              -89.796321504,
              32.5842071710001
            ],
            [
              -89.791895439,
              32.5879535820001
            ],
            [
              -89.794607108,
              32.5933768310001
            ],
            [
              -89.790788928,
              32.5909418320001
            ],
            [
              -89.786759014,
              32.5917956160001
            ],
            [
              -89.789750697,
              32.5857986250001
            ],
            [
              -89.786690688,
              32.583670989
            ],
            [
              -89.780768778,
              32.589579186
            ],
            [
              -89.783097952,
              32.5967270830001
            ],
            [
              -89.770215889,
              32.598844467
            ],
            [
              -89.766267947,
              32.6018771130001
            ],
            [
              -89.772237694,
              32.6046877790001
            ],
            [
              -89.767244709,
              32.6090113490001
            ],
            [
              -89.762483935,
              32.605319577
            ],
            [
              -89.758979976,
              32.612146448
            ],
            [
              -89.7562683359999,
              32.6175013910001
            ],
            [
              -89.741924591,
              32.6253357260001
            ],
            [
              -89.739110494,
              32.6303696460001
            ],
            [
              -89.735005443,
              32.6295295200001
            ],
            [
              -89.7361597829999,
              32.6330710240001
            ],
            [
              -89.729466028,
              32.634061414
            ],
            [
              -89.729233813,
              32.640154029
            ],
            [
              -89.7251970679999,
              32.6406423940001
            ],
            [
              -89.7247462719999,
              32.6435316050001
            ],
            [
              -89.7153476939999,
              32.645341628
            ],
            [
              -89.71685037,
              32.643432563
            ],
            [
              -89.7130868199999,
              32.636796937
            ],
            [
              -89.7013181139999,
              32.6417420610001
            ],
            [
              -89.698927501,
              32.646956985
            ],
            [
              -89.701550368,
              32.649272453
            ],
            [
              -89.6938867,
              32.650064763
            ],
            [
              -89.696174889,
              32.655887584
            ],
            [
              -89.691516576,
              32.6545488450001
            ],
            [
              -89.6866260469999,
              32.659231005
            ],
            [
              -89.684884295,
              32.6558329370001
            ],
            [
              -89.679563447,
              32.6581142520001
            ],
            [
              -89.681639881,
              32.659586179
            ],
            [
              -89.678217882,
              32.6644937390001
            ],
            [
              -89.676243929,
              32.672908652
            ],
            [
              -89.67867556,
              32.6805141770001
            ],
            [
              -89.6776988239999,
              32.6829013620001
            ],
            [
              -89.674802751,
              32.683154082
            ],
            [
              -89.669632204,
              32.6980509360001
            ],
            [
              -89.67336842,
              32.7001068530001
            ],
            [
              -89.669338529,
              32.709249191
            ],
            [
              -89.67070462,
              32.7157857760001
            ],
            [
              -89.675267311,
              32.718292494
            ],
            [
              -89.6806974799999,
              32.728923837
            ],
            [
              -89.678498131,
              32.739288796
            ],
            [
              -89.68099806,
              32.7449476900001
            ],
            [
              -89.679509077,
              32.7583282210001
            ],
            [
              -89.682309536,
              32.7616272500001
            ],
            [
              -89.6798984339999,
              32.767620827
            ],
            [
              -89.6839351899999,
              32.771640452
            ],
            [
              -89.6756431599999,
              32.783791529
            ],
            [
              -89.676695057,
              32.7911579940001
            ],
            [
              -89.6739355989999,
              32.794819026
            ],
            [
              -89.67636722,
              32.798736196
            ],
            [
              -89.671428898,
              32.810658459
            ],
            [
              -89.662030365,
              32.829086569
            ],
            [
              -89.664052165,
              32.833403311
            ],
            [
              -89.658744981,
              32.837310233
            ],
            [
              -89.6702678089999,
              32.837453673
            ],
            [
              -89.664906021,
              32.855468552
            ],
            [
              -89.730730255,
              32.8549597190001
            ],
            [
              -89.730354791,
              32.929505464
            ],
            [
              -89.679652985,
              32.929648881
            ],
            [
              -89.6798033319999,
              32.9588825060001
            ],
            [
              -89.649640436,
              32.9589473820001
            ],
            [
              -89.649380923,
              32.973762273
            ],
            [
              -89.645330517,
              32.9741584280001
            ],
            [
              -89.645644754,
              32.988945997
            ],
            [
              -89.637523449,
              32.988915257
            ],
            [
              -89.638097229,
              32.99994617
            ],
            [
              -89.638472929,
              33.010693625
            ],
            [
              -89.6279814869999,
              33.010953171
            ],
            [
              -89.628029349,
              33.0290022020001
            ],
            [
              -89.621595144,
              33.0290158600001
            ],
            [
              -89.6211785199999,
              33.039213477
            ],
            [
              -89.593228661,
              33.039575471
            ],
            [
              -89.5935428499999,
              33.036549655
            ],
            [
              -89.576145906,
              33.0360544530001
            ],
            [
              -89.576268838,
              33.0305321660001
            ],
            [
              -89.56975949,
              33.02732876
            ],
            [
              -89.569786789,
              33.019057284
            ],
            [
              -89.559268026,
              33.019149488
            ],
            [
              -89.559520704,
              33.0023777210001
            ],
            [
              -89.554718956,
              33.002329908
            ],
            [
              -89.554951182,
              32.9997651360001
            ],
            [
              -89.554199798,
              32.983809588
            ],
            [
              -89.5604427549999,
              32.984687281
            ],
            [
              -89.558605358,
              32.974052525
            ],
            [
              -89.5503269549999,
              32.9741754680001
            ],
            [
              -89.5496370279999,
              32.951905319
            ],
            [
              -89.525491685,
              32.9523526940001
            ],
            [
              -89.525464352,
              32.948029123
            ],
            [
              -89.499652398,
              32.9478446960001
            ],
            [
              -89.499857246,
              32.924010411
            ],
            [
              -89.473915513,
              32.9229756130001
            ],
            [
              -89.473731061,
              32.9110704240001
            ],
            [
              -89.455719387,
              32.91115238
            ],
            [
              -89.4556920269999,
              32.896887328
            ],
            [
              -89.4387458909999,
              32.8971673630001
            ],
            [
              -89.438759584,
              32.9094413870001
            ],
            [
              -89.4228926439999,
              32.9094823620001
            ],
            [
              -89.4227492429999,
              32.9235186010001
            ],
            [
              -89.4053318109999,
              32.923750823
            ],
            [
              -89.405611913,
              32.9455257760001
            ],
            [
              -89.422838096,
              32.945546274
            ],
            [
              -89.4230567069999,
              32.960381655
            ],
            [
              -89.4391285579999,
              32.960224565
            ],
            [
              -89.439401812,
              32.974967737
            ],
            [
              -89.448629636,
              32.9750292140001
            ],
            [
              -89.4490531759999,
              32.996363612
            ],
            [
              -89.439326734,
              32.9964694770001
            ],
            [
              -89.438964734,
              32.9997514300001
            ],
            [
              -89.439784389,
              33.0040135290001
            ],
            [
              -89.42285191,
              33.003839349
            ],
            [
              -89.422995338,
              32.9998060660001
            ],
            [
              -89.4230909349999,
              32.9893010860001
            ],
            [
              -89.4114929739999,
              32.989434272
            ],
            [
              -89.409143306,
              32.980951056
            ],
            [
              -89.388686358,
              32.9806471000001
            ],
            [
              -89.38850196,
              32.989007369
            ],
            [
              -89.3884678379999,
              32.9998880150001
            ],
            [
              -89.38847472,
              33.019709505
            ],
            [
              -89.406185858,
              33.019453377
            ],
            [
              -89.405960496,
              33.0347156500001
            ],
            [
              -89.449852429,
              33.03429219
            ],
            [
              -89.4500984109999,
              33.0679518380001
            ],
            [
              -89.406138175,
              33.0685358100001
            ],
            [
              -89.405960611,
              33.0779513580001
            ],
            [
              -89.317937681,
              33.0783816310001
            ],
            [
              -89.317575749,
              33.1083119420001
            ],
            [
              -89.3173300889999,
              33.197747699
            ],
            [
              -89.3165994669999,
              33.284827003
            ],
            [
              -89.4538352009999,
              33.2852949320001
            ],
            [
              -89.4536166679999,
              33.2995497370001
            ],
            [
              -89.436410973,
              33.299723902
            ],
            [
              -89.436786684,
              33.314480732
            ],
            [
              -89.4191438459999,
              33.3149076180001
            ],
            [
              -89.418966295,
              33.329251216
            ],
            [
              -89.443179946,
              33.3290292410001
            ],
            [
              -89.442613071,
              33.346009329
            ],
            [
              -89.454074426,
              33.3458761430001
            ],
            [
              -89.453958363,
              33.365629325
            ],
            [
              -89.436827802,
              33.3655985820001
            ],
            [
              -89.436827831,
              33.3764826410001
            ],
            [
              -89.4286177289999,
              33.3762333330001
            ],
            [
              -89.428255774,
              33.3967924890001
            ],
            [
              -89.38092133,
              33.3971305690001
            ],
            [
              -89.3804979079999,
              33.41997787
            ],
            [
              -89.3775471879999,
              33.419940303
            ],
            [
              -89.377219415,
              33.4515611040001
            ],
            [
              -89.38160451,
              33.4513664420001
            ],
            [
              -89.381399625,
              33.4609629920001
            ],
            [
              -89.369385015,
              33.4635243440001
            ],
            [
              -89.3624932,
              33.4733736100001
            ],
            [
              -89.3542557659999,
              33.469179812
            ],
            [
              -89.349440358,
              33.4694461920001
            ],
            [
              -89.3495292329999,
              33.499881938
            ],
            [
              -89.34929018,
              33.503843503
            ],
            [
              -89.3694739169999,
              33.5038366810001
            ],
            [
              -89.369535408,
              33.5105269430001
            ],
            [
              -89.37794359,
              33.5103596050001
            ],
            [
              -89.377984593,
              33.518381774
            ],
            [
              -89.384698844,
              33.5181324710001
            ],
            [
              -89.3847671619999,
              33.5233815440001
            ],
            [
              -89.397423832,
              33.5231868870001
            ],
            [
              -89.397123321,
              33.5325580350001
            ],
            [
              -89.402710562,
              33.5322506750001
            ],
            [
              -89.4023827189999,
              33.5379095650001
            ],
            [
              -89.436814606,
              33.539265389
            ],
            [
              -89.437354267,
              33.5619692540001
            ],
            [
              -89.454505318,
              33.5613477040001
            ],
            [
              -89.454348338,
              33.605297165
            ],
            [
              -89.472066312,
              33.605170812
            ],
            [
              -89.4724899129999,
              33.6486831330001
            ],
            [
              -89.4378326249999,
              33.6484201540001
            ],
            [
              -89.437532128,
              33.6630642820001
            ],
            [
              -89.446807768,
              33.663023304
            ],
            [
              -89.446561913,
              33.677483013
            ],
            [
              -89.454956437,
              33.6777493980001
            ],
            [
              -89.455093082,
              33.6920007840001
            ],
            [
              -89.465092741,
              33.691881258
            ],
            [
              -89.464764922,
              33.7064126860001
            ],
            [
              -89.4720119419999,
              33.70634097
            ],
            [
              -89.4720734379999,
              33.71465684
            ],
            [
              -89.497605355,
              33.714609038
            ],
            [
              -89.4979537519999,
              33.7326170790001
            ],
            [
              -89.495706571,
              33.7359809930001
            ],
            [
              -89.4899144189999,
              33.736182484
            ],
            [
              -89.4899281199999,
              33.750939311
            ],
            [
              -89.497455186,
              33.750812954
            ],
            [
              -89.501334872,
              33.764534994
            ],
            [
              -89.503766494,
              33.768708298
            ],
            [
              -89.50407387,
              33.771846812
            ],
            [
              -89.5074002599999,
              33.772277122
            ],
            [
              -89.507120223,
              33.7751458400001
            ],
            [
              -89.524892881,
              33.7896294620001
            ],
            [
              -89.5386355959999,
              33.794728273
            ],
            [
              -89.664382696,
              33.7999090870001
            ],
            [
              -89.6944158539999,
              33.80986082
            ],
            [
              -89.711375747,
              33.8410922940001
            ],
            [
              -89.7578564139999,
              33.8437424580001
            ],
            [
              -89.767261864,
              33.855343697
            ],
            [
              -89.769693508,
              33.8667810060001
            ],
            [
              -89.7695979009999,
              33.8730443750001
            ],
            [
              -89.797015003,
              33.873542994
            ],
            [
              -89.796926107,
              33.8381245640001
            ],
            [
              -89.8044463429999,
              33.8382509260001
            ],
            [
              -89.8049791,
              33.8343815710001
            ],
            [
              -89.814425501,
              33.834487444
            ],
            [
              -89.810941982,
              33.823968807
            ],
            [
              -89.835408362,
              33.82385953
            ],
            [
              -89.835182978,
              33.829579892
            ],
            [
              -89.8384069109999,
              33.829685763
            ],
            [
              -89.838188364,
              33.837994801
            ],
            [
              -89.828974198,
              33.838326067
            ],
            [
              -89.828557566,
              33.8455388460001
            ],
            [
              -89.822608315,
              33.845518353
            ],
            [
              -89.8225879079999,
              33.8749466260001
            ],
            [
              -89.849274156,
              33.8740757730001
            ],
            [
              -89.849110208,
              33.867631401
            ],
            [
              -89.8458179689999,
              33.8671362040001
            ],
            [
              -89.846535068,
              33.83571349
            ],
            [
              -89.853795749,
              33.835590547
            ],
            [
              -89.853973407,
              33.8591208710001
            ],
            [
              -89.857497877,
              33.8591311170001
            ],
            [
              -89.8573408029999,
              33.8676245730001
            ],
            [
              -89.885481923,
              33.867668979
            ],
            [
              -89.884450322,
              33.7936662810001
            ],
            [
              -89.996386402,
              33.793512634
            ],
            [
              -89.995764929,
              33.8239688640001
            ],
            [
              -89.999924622,
              33.8236785780001
            ],
            [
              -90.023243501,
              33.823927891
            ],
            [
              -90.022983906,
              33.8098848290001
            ],
            [
              -90.041371259,
              33.810082913
            ],
            [
              -90.115562726,
              33.8107659620001
            ],
            [
              -90.1365182919999,
              33.8093555140001
            ],
            [
              -90.1367708929999,
              33.768404553
            ],
            [
              -90.156660926,
              33.7682133120001
            ],
            [
              -90.145302051,
              33.777485417
            ],
            [
              -90.150185791,
              33.7864877320001
            ],
            [
              -90.1540586099999,
              33.7864672420001
            ],
            [
              -90.153949338,
              33.7908932650001
            ],
            [
              -90.159126758,
              33.791074269
            ],
            [
              -90.159406857,
              33.809126706
            ],
            [
              -90.167022719,
              33.809317956
            ],
            [
              -90.166756377,
              33.823617153
            ],
            [
              -90.171728886,
              33.823641061
            ],
            [
              -90.1717972339999,
              33.8383022620001
            ],
            [
              -90.188675076,
              33.838514006
            ],
            [
              -90.188552172,
              33.8525809720001
            ],
            [
              -90.20648189,
              33.8527107530001
            ],
            [
              -90.20618131,
              33.838302271
            ],
            [
              -90.223701206,
              33.8384115600001
            ],
            [
              -90.223708012,
              33.8302527880001
            ],
            [
              -90.249854665,
              33.830607969
            ],
            [
              -90.249205848,
              33.85311375
            ],
            [
              -90.232874436,
              33.8527722320001
            ],
            [
              -90.2326217569999,
              33.86759736
            ],
            [
              -90.222089328,
              33.8676349240001
            ],
            [
              -90.222444599,
              33.8977189030001
            ],
            [
              -90.227225857,
              33.89773598
            ],
            [
              -90.227437642,
              33.9116185290001
            ],
            [
              -90.261801228,
              33.911717577
            ],
            [
              -90.263010212,
              33.9144155390001
            ],
            [
              -90.2684198589999,
              33.912916293
            ],
            [
              -90.270947085,
              33.9092791680001
            ],
            [
              -90.275318522,
              33.9095284750001
            ],
            [
              -90.272750291,
              33.90567278
            ],
            [
              -90.276466004,
              33.902831383
            ],
            [
              -90.276486456,
              33.8904822330001
            ],
            [
              -90.29042724,
              33.8907827690001
            ],
            [
              -90.2906048419999,
              33.894471122
            ],
            [
              -90.293931231,
              33.894314025
            ],
            [
              -90.294136162,
              33.901253593
            ],
            [
              -90.296731697,
              33.899129375
            ],
            [
              -90.301178264,
              33.8981184950001
            ],
            [
              -90.305993675,
              33.89845318
            ],
            [
              -90.313329503,
              33.90216544
            ],
            [
              -90.317243315,
              33.905689867
            ],
            [
              -90.318998735,
              33.91072037
            ],
            [
              -90.320699503,
              33.912769455
            ],
            [
              -90.326758043,
              33.913466145
            ],
            [
              -90.3285339449999,
              33.915354719
            ],
            [
              -90.327686996,
              33.921040928
            ],
            [
              -90.326081868,
              33.9234827540001
            ],
            [
              -90.325719887,
              33.9330622250001
            ],
            [
              -90.328957482,
              33.933086132
            ],
            [
              -90.3293809749999,
              33.9361529290001
            ],
            [
              -90.3383356099999,
              33.9428329470001
            ],
            [
              -90.338123885,
              33.9484474380001
            ],
            [
              -90.344564933,
              33.95135714
            ],
            [
              -90.346709676,
              33.9535667370001
            ],
            [
              -90.346593663,
              33.987246858
            ],
            [
              -90.328978126,
              33.9821617100001
            ],
            [
              -90.328855233,
              33.9995140410001
            ],
            [
              -90.328882573,
              34.0056100670001
            ],
            [
              -90.325720113,
              34.005951581
            ],
            [
              -90.3254605829999,
              34.013601496
            ],
            [
              -90.320508567,
              34.0140898600001
            ],
            [
              -90.320474459,
              34.028269526
            ],
            [
              -90.328718715,
              34.02845053
            ],
            [
              -90.328780253,
              34.049293135
            ],
            [
              -90.2944918009999,
              34.049819058
            ],
            [
              -90.294389415,
              34.0725434060001
            ],
            [
              -90.298419333,
              34.0723384980001
            ],
            [
              -90.298569717,
              34.1096557430001
            ],
            [
              -90.277545839,
              34.109867476
            ],
            [
              -90.276931057,
              34.0939699950001
            ],
            [
              -90.259534107,
              34.0943012600001
            ],
            [
              -90.259417968,
              34.0868562530001
            ],
            [
              -90.2415428909999,
              34.0870030990001
            ],
            [
              -90.241904991,
              34.1164142920001
            ],
            [
              -90.246071516,
              34.1162537810001
            ],
            [
              -90.245907598,
              34.1196689220001
            ],
            [
              -90.249520864,
              34.119785037
            ],
            [
              -90.2495823579999,
              34.126656301
            ],
            [
              -90.245586593,
              34.1268851150001
            ],
            [
              -90.2454022749999,
              34.1602647
            ],
            [
              -90.242007582,
              34.1602817740001
            ],
            [
              -90.241925646,
              34.169789526
            ],
            [
              -90.188143315,
              34.1698202490001
            ],
            [
              -90.188553124,
              34.1654898510001
            ],
            [
              -90.17054827,
              34.1654454490001
            ],
            [
              -90.17047998,
              34.170117362
            ],
            [
              -90.1606988899999,
              34.170049057
            ],
            [
              -90.160186638,
              34.178805477
            ],
            [
              -90.1609448139999,
              34.1801271360001
            ],
            [
              -90.164100438,
              34.178030241
            ],
            [
              -90.161634672,
              34.176920319
            ],
            [
              -90.163369581,
              34.175304958
            ],
            [
              -90.165944634,
              34.1767359030001
            ],
            [
              -90.167317538,
              34.176636864
            ],
            [
              -90.1714772289999,
              34.175243488
            ],
            [
              -90.1695988869999,
              34.178187339
            ],
            [
              -90.172303712,
              34.177965355
            ],
            [
              -90.1729799239999,
              34.1797958710001
            ],
            [
              -90.176087737,
              34.1779004690001
            ],
            [
              -90.176606852,
              34.180373031
            ],
            [
              -90.1790384669999,
              34.180977511
            ],
            [
              -90.1791341159999,
              34.188859656
            ],
            [
              -90.188238999,
              34.188975773
            ],
            [
              -90.188334711,
              34.2175844060001
            ],
            [
              -90.164633329,
              34.217816629
            ],
            [
              -90.1643329,
              34.253009653
            ],
            [
              -90.167420227,
              34.252879878
            ],
            [
              -90.166928476,
              34.26469968
            ],
            [
              -90.157263503,
              34.2649797190001
            ],
            [
              -90.156874215,
              34.278930567
            ],
            [
              -90.162201913,
              34.2819973650001
            ],
            [
              -90.1553168999999,
              34.2821920260001
            ],
            [
              -90.1548456469999,
              34.2960096850001
            ],
            [
              -90.186811779,
              34.2963273010001
            ],
            [
              -90.198655665,
              34.3038713490001
            ],
            [
              -90.1984166679999,
              34.3252672040001
            ],
            [
              -90.2415094739999,
              34.325400404
            ],
            [
              -90.241420723,
              34.339672276
            ],
            [
              -90.227363823,
              34.340164053
            ],
            [
              -90.2273979939999,
              34.346690386
            ],
            [
              -90.205411033,
              34.346809911
            ],
            [
              -90.205684268,
              34.3533157530001
            ],
            [
              -90.201995868,
              34.353404546
            ],
            [
              -90.20217351,
              34.3704460970001
            ],
            [
              -90.198157252,
              34.370582701
            ],
            [
              -90.197686018,
              34.390103643
            ],
            [
              -90.185364029,
              34.3900763180001
            ],
            [
              -90.185432357,
              34.3978389320001
            ],
            [
              -90.197727024,
              34.3979345600001
            ],
            [
              -90.197296797,
              34.4260240880001
            ],
            [
              -90.2066270829999,
              34.4261333740001
            ],
            [
              -90.207132573,
              34.4398963890001
            ],
            [
              -90.1976861699999,
              34.439951029
            ],
            [
              -90.1979935969999,
              34.459417328
            ],
            [
              -90.18935318,
              34.4599193510001
            ],
            [
              -90.1896538399999,
              34.499883321
            ],
            [
              -90.190091017,
              34.510627352
            ],
            [
              -90.192836825,
              34.5107229760001
            ],
            [
              -90.1926456099999,
              34.5218392570001
            ],
            [
              -90.198547051,
              34.5219041460001
            ],
            [
              -90.198567586,
              34.5363706790001
            ],
            [
              -90.195883254,
              34.5374498630001
            ],
            [
              -90.19837635,
              34.5410357600001
            ],
            [
              -90.2012587679999,
              34.541541201
            ],
            [
              -90.199202832,
              34.543259016
            ],
            [
              -90.1995443659999,
              34.5482382910001
            ],
            [
              -90.208451166,
              34.5470839750001
            ],
            [
              -90.203355723,
              34.5514895050001
            ],
            [
              -90.205179437,
              34.5530399790001
            ],
            [
              -90.203868023,
              34.5589276800001
            ],
            [
              -90.207617894,
              34.557865572
            ],
            [
              -90.211401928,
              34.5607718580001
            ],
            [
              -90.2176722029999,
              34.559064289
            ],
            [
              -90.2192158729999,
              34.5607513680001
            ],
            [
              -90.21625833,
              34.563162456
            ],
            [
              -90.211292649,
              34.562885829
            ],
            [
              -90.211675182,
              34.5731449090001
            ],
            [
              -90.224359191,
              34.576392711
            ],
            [
              -90.220213164,
              34.5792067850001
            ],
            [
              -90.221025987,
              34.582348714
            ],
            [
              -90.224441176,
              34.583236651
            ],
            [
              -90.225896054,
              34.586091708
            ],
            [
              -90.2283686489999,
              34.5863273530001
            ],
            [
              -90.231640402,
              34.58817836
            ],
            [
              -90.2309368849999,
              34.5916105760001
            ],
            [
              -90.234447707,
              34.5949779040001
            ],
            [
              -90.2362372549999,
              34.5923687380001
            ],
            [
              -90.240014452,
              34.5928400280001
            ],
            [
              -90.237125222,
              34.598307666
            ],
            [
              -90.2342154849999,
              34.5987687090001
            ],
            [
              -90.233669065,
              34.601439349
            ],
            [
              -90.236462697,
              34.6050184160001
            ],
            [
              -90.237439428,
              34.6011524780001
            ],
            [
              -90.2418381799999,
              34.598659427
            ],
            [
              -90.244570331,
              34.5996190820001
            ],
            [
              -90.241646949,
              34.60520625
            ],
            [
              -90.237439447,
              34.6072382570001
            ],
            [
              -90.2359504349999,
              34.610352864
            ],
            [
              -90.240718048,
              34.614580808
            ],
            [
              -90.238081542,
              34.6203216580001
            ],
            [
              -90.239481779,
              34.623849497
            ],
            [
              -90.251277831,
              34.623767537
            ],
            [
              -90.2512573609999,
              34.6307036860001
            ],
            [
              -90.246592218,
              34.6307890630001
            ],
            [
              -90.2461961509999,
              34.6614296970001
            ],
            [
              -90.2196396689999,
              34.661614109
            ],
            [
              -90.218041372,
              34.665005342
            ],
            [
              -90.22080085,
              34.6673925260001
            ],
            [
              -90.220493491,
              34.6699231440001
            ],
            [
              -90.225964625,
              34.672078098
            ],
            [
              -90.225329388,
              34.668085799
            ],
            [
              -90.227549258,
              34.6678638160001
            ],
            [
              -90.2282459629999,
              34.670128054
            ],
            [
              -90.2336829449999,
              34.672242026
            ],
            [
              -90.2298101329999,
              34.674871683
            ],
            [
              -90.224482446,
              34.675766448
            ],
            [
              -90.220008578,
              34.683887649
            ],
            [
              -90.221627384,
              34.6864011930001
            ],
            [
              -90.220035917,
              34.6897446150001
            ],
            [
              -90.230554715,
              34.6980604820001
            ],
            [
              -90.231210443,
              34.701660039
            ],
            [
              -90.229154506,
              34.703490554
            ],
            [
              -90.229202325,
              34.7053278990001
            ],
            [
              -90.225650537,
              34.707103771
            ],
            [
              -90.224947022,
              34.7112429200001
            ],
            [
              -90.218922639,
              34.712858279
            ],
            [
              -90.221982655,
              34.715726997
            ],
            [
              -90.21477663,
              34.721389297
            ],
            [
              -90.211969354,
              34.7233427570001
            ],
            [
              -90.211914725,
              34.727891722
            ],
            [
              -90.208479048,
              34.7278063430001
            ],
            [
              -90.209148412,
              34.7239882170001
            ],
            [
              -90.206115728,
              34.7242682580001
            ],
            [
              -90.2045857159999,
              34.7214336920001
            ],
            [
              -90.201594008,
              34.71971246
            ],
            [
              -90.201204691,
              34.724377541
            ],
            [
              -90.1959043109999,
              34.720334015
            ],
            [
              -90.1985818329999,
              34.7255216120001
            ],
            [
              -90.195132501,
              34.7275058070001
            ],
            [
              -90.195576466,
              34.724766865
            ],
            [
              -90.192816996,
              34.72463026
            ],
            [
              -90.192789687,
              34.7285371790001
            ],
            [
              -90.1905493209999,
              34.7273828620001
            ],
            [
              -90.1873732029999,
              34.7289469950001
            ],
            [
              -90.189866293,
              34.730350618
            ],
            [
              -90.187919644,
              34.7323894560001
            ],
            [
              -90.1838829,
              34.734349745
            ],
            [
              -90.187755722,
              34.734479521
            ],
            [
              -90.188589042,
              34.7391343560001
            ],
            [
              -90.185638314,
              34.7367949850001
            ],
            [
              -90.181799665,
              34.743324731
            ],
            [
              -90.1784937639999,
              34.742959311
            ],
            [
              -90.17714136,
              34.7458655930001
            ],
            [
              -90.174470677,
              34.743615016
            ],
            [
              -90.172387427,
              34.7477644100001
            ],
            [
              -90.176301229,
              34.7474331430001
            ],
            [
              -90.173248061,
              34.750236971
            ],
            [
              -90.175570391,
              34.751391289
            ],
            [
              -90.1755499069999,
              34.753802378
            ],
            [
              -90.1718615079999,
              34.754406857
            ],
            [
              -90.17276996,
              34.7580747170001
            ],
            [
              -90.1702222339999,
              34.7592905060001
            ],
            [
              -90.169566506,
              34.7552059990001
            ],
            [
              -90.16777013,
              34.758853367
            ],
            [
              -90.164013423,
              34.758306944
            ],
            [
              -90.161568158,
              34.7604858020001
            ],
            [
              -90.161650115,
              34.758187413
            ],
            [
              -90.159109216,
              34.757702463
            ],
            [
              -90.157770453,
              34.754386362
            ],
            [
              -90.1534604939999,
              34.7563705580001
            ],
            [
              -90.1544918879999,
              34.7588909300001
            ],
            [
              -90.145899279,
              34.758703096
            ],
            [
              -90.14313297,
              34.7556260540001
            ],
            [
              -90.1429758789999,
              34.7582454660001
            ],
            [
              -90.1397792659999,
              34.758204484
            ],
            [
              -90.139690483,
              34.7623607090001
            ],
            [
              -90.1354214899999,
              34.758696263
            ],
            [
              -90.1357288629999,
              34.7607829130001
            ],
            [
              -90.132894261,
              34.7616093770001
            ],
            [
              -90.132846442,
              34.759403197
            ],
            [
              -90.1288711729999,
              34.761756227
            ],
            [
              -90.1266990989999,
              34.75683501
            ],
            [
              -90.1247046399999,
              34.759491988
            ],
            [
              -90.123823509,
              34.7557080130001
            ],
            [
              -90.120524441,
              34.7558480330001
            ],
            [
              -90.1206746989999,
              34.7526787830001
            ],
            [
              -90.115845619,
              34.750465772
            ],
            [
              -90.11361207,
              34.7446941850001
            ],
            [
              -90.1111394769999,
              34.7451483990001
            ],
            [
              -90.109452371,
              34.743741361
            ],
            [
              -90.111494648,
              34.742276266
            ],
            [
              -90.106802177,
              34.740520883
            ],
            [
              -90.110128559,
              34.737696564
            ],
            [
              -90.106228415,
              34.736805211
            ],
            [
              -90.107573985,
              34.732430417
            ],
            [
              -90.103988048,
              34.735193264
            ],
            [
              -90.100538695,
              34.7301183660001
            ],
            [
              -90.099705397,
              34.732536285
            ],
            [
              -90.093496584,
              34.730886771
            ],
            [
              -90.093155071,
              34.7327002100001
            ],
            [
              -90.090477563,
              34.731573213
            ],
            [
              -90.0904365919999,
              34.7356850410001
            ],
            [
              -90.0870214,
              34.733482275
            ],
            [
              -90.083292015,
              34.73277534
            ],
            [
              -90.085054246,
              34.7310609410001
            ],
            [
              -90.0803276299999,
              34.7313512260001
            ],
            [
              -90.083701828,
              34.729486561
            ],
            [
              -90.080778428,
              34.729349955
            ],
            [
              -90.080771587,
              34.7258596820001
            ],
            [
              -90.074310052,
              34.7247326840001
            ],
            [
              -90.075553171,
              34.721761513
            ],
            [
              -90.072069678,
              34.720480835
            ],
            [
              -90.07215165,
              34.722888509
            ],
            [
              -90.068654502,
              34.7236944800001
            ],
            [
              -90.071106613,
              34.726091909
            ],
            [
              -90.066940086,
              34.726143135
            ],
            [
              -90.0642489269999,
              34.7287113190001
            ],
            [
              -90.059925299,
              34.7277345890001
            ],
            [
              -90.057514165,
              34.7235476270001
            ],
            [
              -90.059645231,
              34.719995882
            ],
            [
              -90.049693355,
              34.7118883380001
            ],
            [
              -90.0477603699999,
              34.715255665
            ],
            [
              -90.047521294,
              34.7111711580001
            ],
            [
              -90.044447638,
              34.7146853360001
            ],
            [
              -90.04372361,
              34.7117244090001
            ],
            [
              -90.041660845,
              34.7142208760001
            ],
            [
              -90.036893241,
              34.7124859840001
            ],
            [
              -90.03954342,
              34.7108808690001
            ],
            [
              -90.036982023,
              34.708398061
            ],
            [
              -90.035677429,
              34.710587166
            ],
            [
              -90.032282733,
              34.7102217450001
            ],
            [
              -90.033177505,
              34.708172662
            ],
            [
              -90.029086112,
              34.7074862170001
            ],
            [
              -90.0272555779999,
              34.70977436
            ],
            [
              -90.0236969539999,
              34.709477242
            ],
            [
              -90.023956518,
              34.7128548160001
            ],
            [
              -90.020766737,
              34.7136539570001
            ],
            [
              -90.019332353,
              34.7115297400001
            ],
            [
              -90.018628832,
              34.7138520350001
            ],
            [
              -90.011347654,
              34.713309026
            ],
            [
              -90.007160646,
              34.7163894810001
            ],
            [
              -90.001675856,
              34.7158293960001
            ],
            [
              -90.00199007,
              34.721249223
            ],
            [
              -90.000193678,
              34.7199992810001
            ],
            [
              -89.996962902,
              34.716543159
            ],
            [
              -89.9926529379999,
              34.716703669
            ],
            [
              -89.9951528569999,
              34.717960442
            ],
            [
              -89.994100987,
              34.7197977870001
            ],
            [
              -89.991792318,
              34.7189269250001
            ],
            [
              -89.990795093,
              34.7220176270001
            ],
            [
              -89.986314358,
              34.7182131600001
            ],
            [
              -89.985877223,
              34.7210545560001
            ],
            [
              -89.981123285,
              34.72133118
            ],
            [
              -89.9842311089999,
              34.7229328820001
            ],
            [
              -89.982516695,
              34.7258869770001
            ],
            [
              -89.974511492,
              34.7233905080001
            ],
            [
              -89.973370826,
              34.7254088550001
            ],
            [
              -89.969176978,
              34.725265418
            ],
            [
              -89.962872541,
              34.7239847390001
            ],
            [
              -89.965276693,
              34.6777983910001
            ],
            [
              -89.9133931919999,
              34.6774978440001
            ],
            [
              -89.9134137299999,
              34.693193826
            ],
            [
              -89.89096913,
              34.693286029
            ],
            [
              -89.890955422,
              34.677364647
            ],
            [
              -89.872349492,
              34.677716402
            ],
            [
              -89.872301658,
              34.670131376
            ],
            [
              -89.864105213,
              34.6704182460001
            ],
            [
              -89.864248639,
              34.666224454
            ],
            [
              -89.816873185,
              34.666712805
            ],
            [
              -89.815985128,
              34.6294604600001
            ],
            [
              -89.783738945,
              34.6292452960001
            ],
            [
              -89.7838072599999,
              34.6329131570001
            ],
            [
              -89.77553568,
              34.6330121930001
            ],
            [
              -89.7754332489999,
              34.640959223
            ],
            [
              -89.7578040609999,
              34.641085579
            ],
            [
              -89.757742599,
              34.6452554640001
            ],
            [
              -89.744689761,
              34.64536816
            ],
            [
              -89.744641969,
              34.652492141
            ],
            [
              -89.7495051939999,
              34.652963432
            ],
            [
              -89.749457407,
              34.6615969050001
            ],
            [
              -89.7399290389999,
              34.661532014
            ],
            [
              -89.740270637,
              34.6887984910001
            ],
            [
              -89.723146895,
              34.6884911230001
            ],
            [
              -89.724356073,
              34.7585458840001
            ],
            [
              -89.7614245519999,
              34.776755419
            ],
            [
              -89.794524657,
              34.8192875760001
            ],
            [
              -89.8041828249999,
              34.8269204160001
            ],
            [
              -89.812351957,
              34.829669606
            ],
            [
              -89.8126525659999,
              34.854166401
            ],
            [
              -89.8103507389999,
              34.8572229500001
            ],
            [
              -89.80669649,
              34.8568336230001
            ],
            [
              -89.804346864,
              34.8642342300001
            ],
            [
              -89.802652925,
              34.8620929370001
            ],
            [
              -89.796833475,
              34.8712523390001
            ],
            [
              -89.79191561,
              34.8719900070001
            ],
            [
              -89.785105749,
              34.8788441900001
            ],
            [
              -89.786451357,
              34.8871634700001
            ],
            [
              -89.777394288,
              34.888884697
            ],
            [
              -89.7776470319999,
              34.895749128
            ],
            [
              -89.8375835429999,
              34.8949260970001
            ],
            [
              -89.837972902,
              34.9040752540001
            ],
            [
              -89.929329127,
              34.904345076
            ],
            [
              -89.928892252,
              34.9941973890001
            ],
            [
              -89.95399387,
              34.994286189
            ],
            [
              -89.999914464,
              34.9946891870001
            ],
            [
              -90.171992032,
              34.9947438720001
            ],
            [
              -90.3082921119999,
              34.995215192
            ],
            [
              -90.3098562819999,
              34.9999861420001
            ],
            [
              -90.309808495,
              35.0081346630001
            ],
            [
              -90.305122878,
              35.013896002
            ],
            [
              -90.305710303,
              35.017942942
            ],
            [
              -90.300819785,
              35.0267505850001
            ],
            [
              -90.296776236,
              35.036968679
            ],
            [
              -90.292876107,
              35.04118979
            ],
            [
              -90.264140728,
              35.040325754
            ],
            [
              -90.26257656,
              35.0363334560001
            ],
            [
              -90.257235205,
              35.0350561930001
            ],
            [
              -90.252392459,
              35.031641053
            ],
            [
              -90.243492488,
              35.03272365
            ],
            [
              -90.232290672,
              35.0312175710001
            ],
            [
              -90.213172442,
              35.0254289060001
            ],
            [
              -90.193569323,
              35.041200014
            ],
            [
              -90.195502367,
              35.0567218210001
            ],
            [
              -90.1865136649999,
              35.0784216120001
            ],
            [
              -90.174471833,
              35.1151309370001
            ],
            [
              -90.163188089,
              35.125656393
            ],
            [
              -90.130272538,
              35.1301268010001
            ],
            [
              -90.083682545,
              35.1232896820001
            ],
            [
              -90.06877188,
              35.1359154470001
            ],
            [
              -90.068669487,
              35.156215032
            ],
            [
              -90.093040291,
              35.1672732580001
            ],
            [
              -90.105416948,
              35.1744348060001
            ],
            [
              -90.1076505029999,
              35.1813948600001
            ],
            [
              -90.114829232,
              35.1839528
            ],
            [
              -90.1172881799999,
              35.1886486170001
            ],
            [
              -90.1156284319999,
              35.198794993
            ],
            [
              -90.108026228,
              35.1991091850001
            ],
            [
              -90.0971385999999,
              35.1949290520001
            ],
            [
              -90.088901224,
              35.2121345190001
            ],
            [
              -90.080554496,
              35.208213938
            ],
            [
              -90.075042406,
              35.2150032320001
            ],
            [
              -90.074939969,
              35.220931912
            ],
            [
              -90.09798574,
              35.2507870600001
            ],
            [
              -90.104044292,
              35.254352467
            ],
            [
              -90.114966065,
              35.256357155
            ],
            [
              -90.137827311,
              35.252559526
            ],
            [
              -90.144685007,
              35.253194744
            ],
            [
              -90.150579626,
              35.255117468
            ],
            [
              -90.167833217,
              35.27724074
            ],
            [
              -90.1685162699999,
              35.282360032
            ],
            [
              -90.164827906,
              35.2943574130001
            ],
            [
              -90.162006977,
              35.299025907
            ],
            [
              -90.1506207589999,
              35.303509981
            ],
            [
              -90.1399926839999,
              35.2991795840001
            ],
            [
              -90.1304165069999,
              35.3011330410001
            ],
            [
              -90.1241120829999,
              35.3045208570001
            ],
            [
              -90.116352777,
              35.303667069
            ],
            [
              -90.1090920949999,
              35.305275598
            ],
            [
              -90.1076167859999,
              35.321446279
            ],
            [
              -90.103743999,
              35.3327572170001
            ],
            [
              -90.1105265909999,
              35.3427704040001
            ],
            [
              -90.107172878,
              35.3430265380001
            ],
            [
              -90.09375125,
              35.360843312
            ],
            [
              -90.090226778,
              35.3610277290001
            ],
            [
              -90.083225673,
              35.3702110350001
            ],
            [
              -90.0755688679999,
              35.384134552
            ],
            [
              -90.0417381139999,
              35.4120020720001
            ],
            [
              -90.005400615,
              35.44053896
            ],
            [
              -90.007019554,
              35.486045677
            ],
            [
              -90.0121355479999,
              35.500314125
            ],
            [
              -89.999957025,
              35.5113142820001
            ],
            [
              -89.970900646,
              35.521382101
            ],
            [
              -89.90846418,
              35.5151562890001
            ],
            [
              -89.8973309679999,
              35.6131092740001
            ],
            [
              -89.88081515,
              35.6218656840001
            ],
            [
              -89.940178082,
              35.670924154
            ],
            [
              -89.940417307,
              35.723742675
            ],
            [
              -89.768968254,
              35.7825888680001
            ],
            [
              -89.693342475,
              35.82611819
            ],
            [
              -89.77282088,
              35.880917507
            ],
            [
              -89.731428896,
              35.9101613180001
            ],
            [
              -89.6605431569999,
              35.874025729
            ],
            [
              -89.6395876509999,
              35.9024123460001
            ],
            [
              -89.723041391,
              35.9759163690001
            ],
            [
              -89.713321838,
              35.999566191
            ],
            [
              -89.6716978219999,
              36.0973893660001
            ],
            [
              -89.591420495,
              36.123699559
            ],
            [
              -89.602123815,
              36.164920265
            ],
            [
              -89.6812743739999,
              36.2197434770001
            ],
            [
              -89.685741503,
              36.2412041970001
            ],
            [
              -89.581653409,
              36.24324642
            ],
            [
              -89.554755493,
              36.2789516660001
            ],
            [
              -89.5548101369999,
              36.2789892330001
            ],
            [
              -89.61276599,
              36.3168631140001
            ],
            [
              -89.612991467,
              36.3421590300001
            ],
            [
              -89.5231515259999,
              36.341721867
            ],
            [
              -89.5104334339999,
              36.3651394550001
            ],
            [
              -89.545207079,
              36.4329982250001
            ],
            [
              -89.5191766089999,
              36.4650014600001
            ],
            [
              -89.544073436,
              36.50045741
            ],
            [
              -89.5603161399999,
              36.523673511
            ],
            [
              -89.5718322439999,
              36.553426179
            ],
            [
              -89.563704144,
              36.569740283
            ],
            [
              -89.541000004,
              36.581198058
            ],
            [
              -89.492914129,
              36.5742858090001
            ],
            [
              -89.463591245,
              36.548190746
            ],
            [
              -89.482238034,
              36.500409581
            ],
            [
              -89.495789408,
              36.468290229
            ],
            [
              -89.4623136979999,
              36.4566104530001
            ],
            [
              -89.4359211729999,
              36.4741779060001
            ],
            [
              -89.426918767,
              36.4846145600001
            ],
            [
              -89.420675826,
              36.4925274290001
            ],
            [
              -89.416659586,
              36.500126106
            ],
            [
              -89.409433104,
              36.5198075340001
            ],
            [
              -89.398429436,
              36.5439491270001
            ],
            [
              -89.3963052289999,
              36.5579272790001
            ],
            [
              -89.38622365,
              36.5775404020001
            ],
            [
              -89.3614635329999,
              36.5774994130001
            ],
            [
              -89.342604917,
              36.596514885
            ],
            [
              -89.312537613,
              36.602505024
            ],
            [
              -89.258249661,
              36.5618
            ],
            [
              -89.2168917609999,
              36.5733431470001
            ],
            [
              -89.1869680569999,
              36.637025178
            ],
            [
              -89.140678726,
              36.685670359
            ],
            [
              -89.125460828,
              36.7514936810001
            ],
            [
              -89.1207205589999,
              36.7564080590001
            ],
            [
              -89.119491098,
              36.7591299220001
            ],
            [
              -89.107688197,
              36.755602083
            ],
            [
              -89.108466845,
              36.750342774
            ],
            [
              -89.0993687769999,
              36.748406389
            ],
            [
              -89.098364723,
              36.752750442
            ],
            [
              -89.097422136,
              36.754304328
            ],
            [
              -89.091670949,
              36.751275101
            ],
            [
              -89.0870467829999,
              36.7509643220001
            ],
            [
              -89.082770962,
              36.749400188
            ],
            [
              -89.0773476419999,
              36.748956219
            ],
            [
              -89.073768507,
              36.7430651080001
            ],
            [
              -89.0739460889999,
              36.7400017320001
            ],
            [
              -89.071814994,
              36.7339535260001
            ],
            [
              -89.0636048709999,
              36.7301388160001
            ],
            [
              -89.0635297219999,
              36.7251049060001
            ],
            [
              -89.060257968,
              36.723837889
            ],
            [
              -89.057382369,
              36.720217844
            ],
            [
              -89.052457655,
              36.7158806200001
            ],
            [
              -89.047847143,
              36.713281701
            ],
            [
              -89.035873491,
              36.712936767
            ],
            [
              -89.032034806,
              36.7085312410001
            ],
            [
              -89.028353201,
              36.696670473
            ],
            [
              -89.0414948389999,
              36.6936822330001
            ],
            [
              -89.027403751,
              36.6863943290001
            ],
            [
              -89.0169600629999,
              36.6714701820001
            ],
            [
              -89.016748303,
              36.6643974350001
            ],
            [
              -89.005430367,
              36.6643222980001
            ],
            [
              -89.005239107,
              36.660862765
            ],
            [
              -89.002110794,
              36.660855934
            ],
            [
              -89.0001504689999,
              36.65837996
            ],
            [
              -88.9990234479999,
              36.654780406
            ],
            [
              -88.99635277,
              36.6549921440001
            ],
            [
              -88.996318614,
              36.653274331
            ],
            [
              -88.9896248379999,
              36.6507812790001
            ],
            [
              -88.984502047,
              36.6478340140001
            ],
            [
              -88.982678355,
              36.654848703
            ],
            [
              -88.9827398469999,
              36.6618224110001
            ],
            [
              -88.983074545,
              36.6651180160001
            ],
            [
              -88.9794817969999,
              36.676719233
            ],
            [
              -88.9917354949999,
              36.677129053
            ],
            [
              -88.9971314909999,
              36.676131835
            ],
            [
              -89.00018468,
              36.680141206
            ],
            [
              -89.002643628,
              36.6847482250001
            ],
            [
              -89.00979504,
              36.686872442
            ],
            [
              -89.017841276,
              36.70625334
            ],
            [
              -89.021495557,
              36.7166968270001
            ],
            [
              -89.0482502139999,
              36.7419312750001
            ],
            [
              -89.062129555,
              36.7469959260001
            ],
            [
              -89.076316261,
              36.7512409440001
            ],
            [
              -89.088283116,
              36.7635764180001
            ],
            [
              -89.0921013029999,
              36.765803088
            ],
            [
              -89.1037675869999,
              36.76536937
            ],
            [
              -89.108466901,
              36.77061502
            ],
            [
              -89.117366897,
              36.7757343110001
            ],
            [
              -89.123555245,
              36.7846922140001
            ],
            [
              -89.145234987,
              36.829020681
            ],
            [
              -89.12893098,
              36.8671609090001
            ],
            [
              -89.121212691,
              36.8805311620001
            ],
            [
              -89.106322602,
              36.929217328
            ],
            [
              -89.085196244,
              36.9297500820001
            ],
            [
              -89.081145818,
              36.9254401800001
            ],
            [
              -89.084444876,
              36.9203447990001
            ],
            [
              -89.08192446,
              36.9180054300001
            ],
            [
              -89.0812755649999,
              36.9146415220001
            ],
            [
              -89.078843954,
              36.915963178
            ],
            [
              -89.079383566,
              36.9204267600001
            ],
            [
              -89.075012122,
              36.919730072
            ],
            [
              -89.0751897009999,
              36.9158197410001
            ],
            [
              -89.0705245509999,
              36.9149830320001
            ],
            [
              -89.069185806,
              36.9182991270001
            ],
            [
              -89.0716652419999,
              36.92148545
            ],
            [
              -89.068291032,
              36.9203584540001
            ],
            [
              -89.063830802,
              36.922728556
            ],
            [
              -89.065627197,
              36.9247912980001
            ],
            [
              -89.0643909039999,
              36.926963324
            ],
            [
              -89.060811789,
              36.928117639
            ],
            [
              -89.022814303,
              36.8940755560001
            ],
            [
              -89.0145836579999,
              36.8792982630001
            ],
            [
              -89.008791496,
              36.8790523710001
            ],
            [
              -89.005471937,
              36.880667728
            ],
            [
              -89.000328668,
              36.882573372
            ],
            [
              -89.011660278,
              36.887433114
            ],
            [
              -89.006530713,
              36.905427461
            ],
            [
              -89.00064293,
              36.9063939420001
            ],
            [
              -88.980124482,
              36.9094265750001
            ],
            [
              -88.97353314,
              36.899157261
            ],
            [
              -88.962631862,
              36.9012268290001
            ],
            [
              -88.966429525,
              36.89113852
            ],
            [
              -88.936710556,
              36.8932080820001
            ],
            [
              -88.9362051479999,
              36.9080297690001
            ],
            [
              -88.9265265079999,
              36.9100344510001
            ],
            [
              -88.912401265,
              36.9022069550001
            ],
            [
              -88.8896219659999,
              36.9065749050001
            ],
            [
              -88.8776961029999,
              36.897893626
            ],
            [
              -88.8622184559999,
              36.893788628
            ],
            [
              -88.852396379,
              36.8962509360001
            ],
            [
              -88.840730091,
              36.89531177
            ],
            [
              -88.8328068599999,
              36.897985819
            ],
            [
              -88.80681043,
              36.8935153960001
            ],
            [
              -88.807862293,
              36.8876584390001
            ],
            [
              -88.7881839729999,
              36.887433033
            ],
            [
              -88.785970917,
              36.8822249500001
            ],
            [
              -88.792534899,
              36.8781063000001
            ],
            [
              -88.792411935,
              36.8712487080001
            ],
            [
              -88.778047617,
              36.8584487740001
            ],
            [
              -88.777808536,
              36.851963432
            ],
            [
              -88.733465682,
              36.835680048
            ],
            [
              -88.725398986,
              36.827975499
            ],
            [
              -88.720105479,
              36.8418990050001
            ],
            [
              -88.670359836,
              36.841536981
            ],
            [
              -88.677183419,
              36.8552419220001
            ],
            [
              -88.679656037,
              36.863632911
            ],
            [
              -88.675011393,
              36.8686292530001
            ],
            [
              -88.678180706,
              36.8754834310001
            ],
            [
              -88.6787817969999,
              36.882405911
            ],
            [
              -88.678078286,
              36.8894752420001
            ],
            [
              -88.65317473,
              36.8899396900001
            ],
            [
              -88.653249801,
              36.865446338
            ],
            [
              -88.6461667,
              36.8654326750001
            ],
            [
              -88.6463511109999,
              36.862061936
            ],
            [
              -88.653543499,
              36.8618399550001
            ],
            [
              -88.654431436,
              36.8576120180001
            ],
            [
              -88.632963558,
              36.8571987770001
            ],
            [
              -88.6291181299999,
              36.886152295
            ],
            [
              -88.5853558969999,
              36.8853121540001
            ],
            [
              -88.6113522749999,
              36.869623032
            ],
            [
              -88.574946359,
              36.8689024240001
            ],
            [
              -88.5585739799999,
              36.883317704
            ],
            [
              -88.550357036,
              36.8834952870001
            ],
            [
              -88.5227827689999,
              36.8709958800001
            ],
            [
              -88.511956648,
              36.881992612
            ],
            [
              -88.529968373,
              36.8895434840001
            ],
            [
              -88.515358243,
              36.9090541470001
            ],
            [
              -88.486875525,
              36.891940891
            ],
            [
              -88.48315296,
              36.8881398440001
            ],
            [
              -88.4683857099999,
              36.899320991
            ],
            [
              -88.503760276,
              36.9149179290001
            ],
            [
              -88.502640148,
              36.9364879240001
            ],
            [
              -88.501519978,
              36.9412656980001
            ],
            [
              -88.484669431,
              36.93959569
            ],
            [
              -88.47141171,
              36.956435717
            ],
            [
              -88.4674296109999,
              36.961370586
            ],
            [
              -88.460927095,
              36.962948376
            ],
            [
              -88.435388272,
              36.94681868
            ],
            [
              -88.431262751,
              36.9578768870001
            ],
            [
              -88.4197808869999,
              36.9589355740001
            ],
            [
              -88.400409969,
              36.9723433870001
            ],
            [
              -88.360506813,
              36.936440051
            ],
            [
              -88.35710526,
              36.9263927220001
            ],
            [
              -88.3572418479999,
              36.918688176
            ],
            [
              -88.357965841,
              36.9070767160001
            ],
            [
              -88.3272359709999,
              36.9075753120001
            ],
            [
              -88.3163211039999,
              36.939199461
            ],
            [
              -88.321355104,
              36.943803066
            ],
            [
              -88.34603327,
              36.9485671910001
            ],
            [
              -88.361661198,
              36.95771976
            ],
            [
              -88.357146335,
              36.9646524840001
            ],
            [
              -88.346347526,
              36.9726746320001
            ],
            [
              -88.358246086,
              36.989463442
            ],
            [
              -88.358184638,
              36.9997088480001
            ],
            [
              -88.358150563,
              37.0319135730001
            ],
            [
              -88.335965511,
              37.0383989050001
            ],
            [
              -88.3049897179999,
              37.027422647
            ],
            [
              -88.298022757,
              37.0374904620001
            ],
            [
              -88.292237412,
              37.031175874
            ],
            [
              -88.280960436,
              37.0223272540001
            ],
            [
              -88.273959309,
              37.0268010780001
            ],
            [
              -88.254137529,
              37.0175153160001
            ],
            [
              -88.255469433,
              37.0091550660001
            ],
            [
              -88.2645128409999,
              37.00359523
            ],
            [
              -88.26105666,
              36.999930788
            ],
            [
              -88.2503602689999,
              36.991942782
            ],
            [
              -88.237887969,
              36.9794741170001
            ],
            [
              -88.212451675,
              36.9936913130001
            ],
            [
              -88.159611871,
              36.99446994
            ],
            [
              -88.153717268,
              36.9998317000001
            ],
            [
              -88.107045413,
              37.051806621
            ],
            [
              -88.075304606,
              37.034461134
            ],
            [
              -88.056288853,
              37.0433404770001
            ],
            [
              -88.0176971989999,
              37.035502723
            ],
            [
              -87.999979203,
              37.0379616120001
            ],
            [
              -87.974215019,
              37.039068102
            ],
            [
              -87.9536146309999,
              37.0535141140001
            ],
            [
              -87.940418334,
              37.0511303430001
            ],
            [
              -87.929298511,
              37.0658598160001
            ],
            [
              -87.914941056,
              37.065521711
            ],
            [
              -87.901457872,
              37.05824405
            ],
            [
              -87.899408734,
              37.046840913
            ],
            [
              -87.887476067,
              37.048545059
            ],
            [
              -87.889313466,
              37.0612391180001
            ],
            [
              -87.888732929,
              37.081811891
            ],
            [
              -87.87590549,
              37.087146326
            ],
            [
              -87.874081733,
              37.0660578650001
            ],
            [
              -87.856664262,
              37.0629808200001
            ],
            [
              -87.846152353,
              37.0824914820001
            ],
            [
              -87.846084049,
              37.082607597
            ],
            [
              -87.8259002739999,
              37.0790934120001
            ],
            [
              -87.818366369,
              37.080520934
            ],
            [
              -87.7955392819999,
              37.097671731
            ],
            [
              -87.7446598189999,
              37.1096212630001
            ],
            [
              -87.729264149,
              37.1108472880001
            ],
            [
              -87.7151525419999,
              37.089765652
            ],
            [
              -87.711791945,
              37.0654328110001
            ],
            [
              -87.690057661,
              37.056133387
            ],
            [
              -87.6898663599999,
              37.0325416330001
            ],
            [
              -87.657975297,
              37.019437741
            ],
            [
              -87.656698045,
              37.033060715
            ],
            [
              -87.655434454,
              37.0465948950001
            ],
            [
              -87.6756934319999,
              37.082972926
            ],
            [
              -87.655475573,
              37.1116224840001
            ],
            [
              -87.624335891,
              37.1179472970001
            ],
            [
              -87.589753622,
              37.0875184240001
            ],
            [
              -87.568196947,
              37.0873237500001
            ],
            [
              -87.508137393,
              37.068571209
            ],
            [
              -87.491020433,
              37.0524483460001
            ],
            [
              -87.494005296,
              37.0467962990001
            ],
            [
              -87.485453622,
              37.02650356
            ],
            [
              -87.466758924,
              37.0501055500001
            ],
            [
              -87.4802831439999,
              37.084936521
            ],
            [
              -87.447565664,
              37.1012266980001
            ],
            [
              -87.432088082,
              37.1285955820001
            ],
            [
              -87.415893204,
              37.103190383
            ],
            [
              -87.445127151,
              37.0672221950001
            ],
            [
              -87.402676351,
              37.0674783060001
            ],
            [
              -87.3804230169999,
              37.086746486
            ],
            [
              -87.388619524,
              37.1140675720001
            ],
            [
              -87.3730326359999,
              37.1313447320001
            ],
            [
              -87.316921069,
              37.1268572110001
            ],
            [
              -87.3113543649999,
              37.1557082690001
            ],
            [
              -87.292796231,
              37.157702697
            ],
            [
              -87.261383337,
              37.1664351790001
            ],
            [
              -87.249641915,
              37.1655472360001
            ],
            [
              -87.215558253,
              37.127144022
            ],
            [
              -87.1841453169999,
              37.112943871
            ],
            [
              -87.1758464279999,
              37.1240157340001
            ],
            [
              -87.16678254,
              37.1371537530001
            ],
            [
              -87.1541873849999,
              37.1708406380001
            ],
            [
              -87.153647807,
              37.1826091930001
            ],
            [
              -87.132541934,
              37.180587421
            ],
            [
              -87.099954156,
              37.1577538070001
            ],
            [
              -87.085070666,
              37.1052802460001
            ],
            [
              -87.0770723259999,
              37.12317555
            ],
            [
              -87.060768218,
              37.126406258
            ],
            [
              -87.052776633,
              37.1028657260001
            ],
            [
              -87.030933089,
              37.1057105190001
            ],
            [
              -87.036848209,
              37.113220406
            ],
            [
              -87.038753922,
              37.133820502
            ],
            [
              -87.025345925,
              37.153488257
            ],
            [
              -87.030004252,
              37.1581840710001
            ],
            [
              -87.0322036429999,
              37.1635321740001
            ],
            [
              -87.03024335,
              37.1778757390001
            ],
            [
              -87.0342459729999,
              37.1892925380001
            ],
            [
              -87.035748676,
              37.2000570450001
            ],
            [
              -87.0185224749999,
              37.208150904
            ],
            [
              -87.00661029,
              37.2051968050001
            ],
            [
              -87.00465686,
              37.237702058
            ],
            [
              -87.023515553,
              37.246823895
            ],
            [
              -87.023426781,
              37.259316459
            ],
            [
              -87.0184064649999,
              37.2666863160001
            ],
            [
              -87.006337178,
              37.2624276350001
            ],
            [
              -86.9995751069999,
              37.264469881
            ],
            [
              -86.987239449,
              37.268110408
            ],
            [
              -86.9806549629999,
              37.267915741
            ],
            [
              -86.983578376,
              37.273458507
            ],
            [
              -86.980846243,
              37.283632191
            ],
            [
              -86.980614028,
              37.2937853870001
            ],
            [
              -86.9868160249999,
              37.3011757420001
            ],
            [
              -86.988393854,
              37.307415195
            ],
            [
              -86.987137076,
              37.3140508010001
            ],
            [
              -86.965983406,
              37.321618727
            ],
            [
              -86.959965848,
              37.3253856160001
            ],
            [
              -86.948866483,
              37.3253890240001
            ],
            [
              -86.951380069,
              37.32916958
            ],
            [
              -86.9443106269999,
              37.3293676530001
            ],
            [
              -86.943265601,
              37.341518702
            ],
            [
              -86.931175841,
              37.3478571840001
            ],
            [
              -86.927883612,
              37.355698331
            ],
            [
              -86.901163168,
              37.3546635280001
            ],
            [
              -86.884783897,
              37.342102653
            ],
            [
              -86.884585789,
              37.326341805
            ],
            [
              -86.892331416,
              37.313377959
            ],
            [
              -86.88087001,
              37.2961246900001
            ],
            [
              -86.8594226449999,
              37.310638999
            ],
            [
              -86.8487057849999,
              37.3136579710001
            ],
            [
              -86.851745321,
              37.32280029
            ],
            [
              -86.844518787,
              37.3269360130001
            ],
            [
              -86.8428726769999,
              37.3334315980001
            ],
            [
              -86.854279412,
              37.3345142040001
            ],
            [
              -86.852967997,
              37.3448757210001
            ],
            [
              -86.8396009429999,
              37.3437896990001
            ],
            [
              -86.8391501519999,
              37.3518357570001
            ],
            [
              -86.8631384609999,
              37.362531974
            ],
            [
              -86.852196202,
              37.3670194540001
            ],
            [
              -86.8585553089999,
              37.3810146800001
            ],
            [
              -86.863555146,
              37.380604867
            ],
            [
              -86.863097519,
              37.385283601
            ],
            [
              -86.855003527,
              37.3897676670001
            ],
            [
              -86.837572398,
              37.3887636060001
            ],
            [
              -86.833187321,
              37.4043536930001
            ],
            [
              -86.8331941709999,
              37.4151660090001
            ],
            [
              -86.824301022,
              37.4185777230001
            ],
            [
              -86.821411783,
              37.4249025500001
            ],
            [
              -86.812873816,
              37.4288162890001
            ],
            [
              -86.806992867,
              37.433399396
            ],
            [
              -86.8125186679999,
              37.447698567
            ],
            [
              -86.830229875,
              37.466556951
            ],
            [
              -86.84763369,
              37.4712800940001
            ],
            [
              -86.865467804,
              37.4681859940001
            ],
            [
              -86.876676477,
              37.479503756
            ],
            [
              -86.872421161,
              37.485405106
            ],
            [
              -86.875768047,
              37.485401693
            ],
            [
              -86.869060624,
              37.4909068850001
            ],
            [
              -86.864299865,
              37.4999262520001
            ],
            [
              -86.870378918,
              37.5085836210001
            ],
            [
              -86.874743528,
              37.507046814
            ],
            [
              -86.8775234939999,
              37.507453217
            ],
            [
              -86.8787256369999,
              37.505766141
            ],
            [
              -86.882270607,
              37.5071526880001
            ],
            [
              -86.872393894,
              37.516595528
            ],
            [
              -86.8688625839999,
              37.5141263840001
            ],
            [
              -86.8671959759999,
              37.516667243
            ],
            [
              -86.871492287,
              37.5181835650001
            ],
            [
              -86.8707750999999,
              37.5200038310001
            ],
            [
              -86.8670662059999,
              37.5208234610001
            ],
            [
              -86.8701808659999,
              37.524487902
            ],
            [
              -86.869409036,
              37.5265335670001
            ],
            [
              -86.865631842,
              37.5299930960001
            ],
            [
              -86.870665843,
              37.5365262510001
            ],
            [
              -86.875044115,
              37.5356553940001
            ],
            [
              -86.8780016709999,
              37.536567237
            ],
            [
              -86.870939065,
              37.5403546160001
            ],
            [
              -86.872223181,
              37.543281388
            ],
            [
              -86.8665471369999,
              37.543704861
            ],
            [
              -86.864170169,
              37.546232059
            ],
            [
              -86.8640677179999,
              37.549305679
            ],
            [
              -86.860392989,
              37.557303921
            ],
            [
              -86.854006577,
              37.553239907
            ],
            [
              -86.851609115,
              37.5547528110001
            ],
            [
              -86.855946411,
              37.557232201
            ],
            [
              -86.852435597,
              37.5578674130001
            ],
            [
              -86.854061235,
              37.561910934
            ],
            [
              -86.848323716,
              37.5620338750001
            ],
            [
              -86.8498878679999,
              37.559175408
            ],
            [
              -86.847189863,
              37.556542338
            ],
            [
              -86.840817116,
              37.55479037
            ],
            [
              -86.836814519,
              37.5576966470001
            ],
            [
              -86.838925108,
              37.5592402880001
            ],
            [
              -86.839485208,
              37.563638982
            ],
            [
              -86.83581729,
              37.5616069750001
            ],
            [
              -86.829806557,
              37.5628808160001
            ],
            [
              -86.831691738,
              37.559793536
            ],
            [
              -86.828952756,
              37.5602545780001
            ],
            [
              -86.8267533709999,
              37.5583011190001
            ],
            [
              -86.827088063,
              37.5609376030001
            ],
            [
              -86.8215349659999,
              37.5618870070001
            ],
            [
              -86.816726385,
              37.564868415
            ],
            [
              -86.8180924549999,
              37.561688927
            ],
            [
              -86.8152783359999,
              37.5607087810001
            ],
            [
              -86.8172181589999,
              37.557498556
            ],
            [
              -86.8111869379999,
              37.5595988600001
            ],
            [
              -86.812102201,
              37.555391415
            ],
            [
              -86.8089533949999,
              37.5547561980001
            ],
            [
              -86.8090285339999,
              37.5579220280001
            ],
            [
              -86.806234913,
              37.560128203
            ],
            [
              -86.8059070419999,
              37.552351942
            ],
            [
              -86.802621629,
              37.55224607
            ],
            [
              -86.7990015239999,
              37.5500535520001
            ],
            [
              -86.799042511,
              37.5525773350001
            ],
            [
              -86.7966108969999,
              37.553748725
            ],
            [
              -86.798086263,
              37.5561666410001
            ],
            [
              -86.7928610279999,
              37.559568111
            ],
            [
              -86.7902244969999,
              37.5568803990001
            ],
            [
              -86.776276877,
              37.565595812
            ],
            [
              -86.7559155439999,
              37.582370939
            ],
            [
              -86.7520563579999,
              37.5698339780001
            ],
            [
              -86.745355761,
              37.5728768590001
            ],
            [
              -86.717392193,
              37.577599971
            ],
            [
              -86.733648468,
              37.5606335940001
            ],
            [
              -86.740021212,
              37.560053026
            ],
            [
              -86.740267094,
              37.5531203030001
            ],
            [
              -86.733586975,
              37.548567925
            ],
            [
              -86.725609096,
              37.551231724
            ],
            [
              -86.717938574,
              37.5477892640001
            ],
            [
              -86.708738054,
              37.5484415490001
            ],
            [
              -86.70162762,
              37.5433188430001
            ],
            [
              -86.698512968,
              37.54369109
            ],
            [
              -86.6985539569999,
              37.548301522
            ],
            [
              -86.6923519699999,
              37.54647442
            ],
            [
              -86.676157136,
              37.544087231
            ],
            [
              -86.6724755659999,
              37.546757863
            ],
            [
              -86.666813181,
              37.5463685330001
            ],
            [
              -86.66942239,
              37.549305551
            ],
            [
              -86.664415734,
              37.5569417880001
            ],
            [
              -86.6482482219999,
              37.55446239
            ],
            [
              -86.643548928,
              37.55913429
            ],
            [
              -86.639990301,
              37.5600802800001
            ],
            [
              -86.642995674,
              37.5629011830001
            ],
            [
              -86.639894686,
              37.566299239
            ],
            [
              -86.637831907,
              37.5629421610001
            ],
            [
              -86.635229538,
              37.567002754
            ],
            [
              -86.6322446569999,
              37.563932546
            ],
            [
              -86.628317193,
              37.5660021150001
            ],
            [
              -86.624437536,
              37.5650253840001
            ],
            [
              -86.620598844,
              37.554318935
            ],
            [
              -86.609697553,
              37.5506169220001
            ],
            [
              -86.605326111,
              37.551364834
            ],
            [
              -86.603543379,
              37.549725568
            ],
            [
              -86.606794639,
              37.548967411
            ],
            [
              -86.6105376789999,
              37.5440496190001
            ],
            [
              -86.603276979,
              37.540207588
            ],
            [
              -86.597143307,
              37.545299549
            ],
            [
              -86.593352443,
              37.543199239
            ],
            [
              -86.594240397,
              37.546768055
            ],
            [
              -86.5903675709999,
              37.5462045560001
            ],
            [
              -86.589739181,
              37.5489844740001
            ],
            [
              -86.586283005,
              37.547290565
            ],
            [
              -86.5832639829999,
              37.550227578
            ],
            [
              -86.5807640579999,
              37.5465733830001
            ],
            [
              -86.577635743,
              37.5458869390001
            ],
            [
              -86.577355702,
              37.5485951410001
            ],
            [
              -86.5734828719999,
              37.545712764
            ],
            [
              -86.565771377,
              37.547813067
            ],
            [
              -86.562554236,
              37.527896001
            ],
            [
              -86.549036905,
              37.522056112
            ],
            [
              -86.540130099,
              37.527465679
            ],
            [
              -86.519953156,
              37.5258673820001
            ],
            [
              -86.502603983,
              37.5202802100001
            ],
            [
              -86.474667746,
              37.5298323210001
            ],
            [
              -86.4616695349999,
              37.530812456
            ],
            [
              -86.4468886,
              37.5349242670001
            ],
            [
              -86.430406868,
              37.51800568
            ],
            [
              -86.409717665,
              37.5285994120001
            ],
            [
              -86.405038867,
              37.536471293
            ],
            [
              -86.398078717,
              37.5408050930001
            ],
            [
              -86.395162149,
              37.5436703890001
            ],
            [
              -86.394185415,
              37.5501898800001
            ],
            [
              -86.389943745,
              37.5471879730001
            ],
            [
              -86.388051741,
              37.5543324330001
            ],
            [
              -86.385708923,
              37.556388343
            ],
            [
              -86.390578991,
              37.5609987770001
            ],
            [
              -86.390742928,
              37.5660668370001
            ],
            [
              -86.3845136209999,
              37.566032681
            ],
            [
              -86.3755453219999,
              37.5588369870001
            ],
            [
              -86.3698282939999,
              37.5585023
            ],
            [
              -86.369937584,
              37.56093729
            ],
            [
              -86.376515243,
              37.5635123060001
            ],
            [
              -86.366611205,
              37.5716198280001
            ],
            [
              -86.362246592,
              37.5715105400001
            ],
            [
              -86.361727478,
              37.568553034
            ],
            [
              -86.366399449,
              37.56226236
            ],
            [
              -86.353934006,
              37.5622896720001
            ],
            [
              -86.345956121,
              37.561142181
            ],
            [
              -86.35012949,
              37.5657492
            ],
            [
              -86.35204203,
              37.587626551
            ],
            [
              -86.344125618,
              37.5868957070001
            ],
            [
              -86.3438114309999,
              37.5937089
            ],
            [
              -86.3401503489999,
              37.5944636420001
            ],
            [
              -86.341181729,
              37.590375727
            ],
            [
              -86.33189924,
              37.588039768
            ],
            [
              -86.328122045,
              37.5918237340001
            ],
            [
              -86.325437699,
              37.5862160820001
            ],
            [
              -86.327425333,
              37.5823296610001
            ],
            [
              -86.313901189,
              37.5870152150001
            ],
            [
              -86.315410694,
              37.581588568
            ],
            [
              -86.309809778,
              37.5790067230001
            ],
            [
              -86.305977946,
              37.5859291960001
            ],
            [
              -86.3062580009999,
              37.5922403650001
            ],
            [
              -86.299161241,
              37.595051015
            ],
            [
              -86.2981503399999,
              37.592329152
            ],
            [
              -86.302849635,
              37.5882207500001
            ],
            [
              -86.299099752,
              37.5852085980001
            ],
            [
              -86.295520643,
              37.5913319320001
            ],
            [
              -86.2903636999999,
              37.586584891
            ],
            [
              -86.287426636,
              37.586922987
            ],
            [
              -86.288239458,
              37.5910962820001
            ],
            [
              -86.283908998,
              37.591277281
            ],
            [
              -86.279933722,
              37.5953378730001
            ],
            [
              -86.273253604,
              37.591010893
            ],
            [
              -86.2778504459999,
              37.5881421830001
            ],
            [
              -86.2677414779999,
              37.5844538310001
            ],
            [
              -86.265009333,
              37.5887329920001
            ],
            [
              -86.260849627,
              37.585632047
            ],
            [
              -86.2560273839999,
              37.5889617990001
            ],
            [
              -86.262905582,
              37.592506714
            ],
            [
              -86.255651724,
              37.5962838470001
            ]
          ],
          [
            [
              -89.9522977079999,
              34.247401934
            ],
            [
              -89.952003989,
              34.243139839
            ],
            [
              -89.95903244,
              34.243276447
            ],
            [
              -89.958602065,
              34.2223450500001
            ],
            [
              -89.984762353,
              34.212584586
            ],
            [
              -89.988355116,
              34.208742553
            ],
            [
              -89.9924055239999,
              34.2082644340001
            ],
            [
              -90.000383361,
              34.196591486
            ],
            [
              -90.006612651,
              34.1940711140001
            ],
            [
              -90.010519614,
              34.191127264
            ],
            [
              -90.000506273,
              34.1847716840001
            ],
            [
              -89.9928152749999,
              34.184573604
            ],
            [
              -89.987439776,
              34.1849048710001
            ],
            [
              -89.985834633,
              34.1829923920001
            ],
            [
              -89.982890746,
              34.183760798
            ],
            [
              -89.983484996,
              34.1865236470001
            ],
            [
              -89.9801176129999,
              34.1829855600001
            ],
            [
              -89.9770029599999,
              34.1813633680001
            ],
            [
              -89.9796121529999,
              34.1785868590001
            ],
            [
              -89.976115006,
              34.179587493
            ],
            [
              -89.974380089,
              34.1782726640001
            ],
            [
              -89.9665729769999,
              34.1784468340001
            ],
            [
              -89.966060679,
              34.171821461
            ],
            [
              -89.9497087509999,
              34.164075917
            ],
            [
              -89.958212562,
              34.1641988640001
            ],
            [
              -89.958567728,
              34.15983773
            ],
            [
              -89.951771499,
              34.1558454280001
            ],
            [
              -89.951839772,
              34.14543608
            ],
            [
              -89.961053939,
              34.1450433410001
            ],
            [
              -89.9613339639999,
              34.138254041
            ],
            [
              -89.978478192,
              34.1383121040001
            ],
            [
              -89.978416696,
              34.130604131
            ],
            [
              -89.98347117,
              34.13066902
            ],
            [
              -89.984058539,
              34.11635275
            ],
            [
              -90.000055264,
              34.116151261
            ],
            [
              -90.002589331,
              34.1160044110001
            ],
            [
              -90.0025756479999,
              34.10858331
            ],
            [
              -90.009173784,
              34.108354498
            ],
            [
              -90.009262558,
              34.101227098
            ],
            [
              -90.0134837259999,
              34.100984625
            ],
            [
              -90.013353923,
              34.0923477330001
            ],
            [
              -90.000164479,
              34.092392127
            ],
            [
              -89.978751271,
              34.0923545540001
            ],
            [
              -89.979263502,
              34.076549282
            ],
            [
              -89.977501272,
              34.078403703
            ],
            [
              -89.976217159,
              34.077153761
            ],
            [
              -89.974632518,
              34.0785232320001
            ],
            [
              -89.973717241,
              34.076330711
            ],
            [
              -89.972002829,
              34.0795375280001
            ],
            [
              -89.968054875,
              34.0796673020001
            ],
            [
              -89.9657598749999,
              34.0811358120001
            ],
            [
              -89.9631438389999,
              34.0793735990001
            ],
            [
              -89.961122054,
              34.0807464850001
            ],
            [
              -89.9614977479999,
              34.0891101650001
            ],
            [
              -89.911171585,
              34.088806203
            ],
            [
              -89.911308208,
              34.0944206940001
            ],
            [
              -89.927844739,
              34.1642910640001
            ],
            [
              -89.936580851,
              34.1877804040001
            ],
            [
              -89.943595686,
              34.2031895210001
            ],
            [
              -89.943855254,
              34.2077009220001
            ],
            [
              -89.938056269,
              34.2074823520001
            ],
            [
              -89.93798112,
              34.202622606
            ],
            [
              -89.932318715,
              34.1929338510001
            ],
            [
              -89.922189193,
              34.1644140080001
            ],
            [
              -89.8963908859999,
              34.164253488
            ],
            [
              -89.896097159,
              34.1568494640001
            ],
            [
              -89.878625074,
              34.1570372910001
            ],
            [
              -89.8784201839999,
              34.1643525220001
            ],
            [
              -89.869089898,
              34.1640519870001
            ],
            [
              -89.869288039,
              34.184737494
            ],
            [
              -89.8743698329999,
              34.184413057
            ],
            [
              -89.874082969,
              34.1884736600001
            ],
            [
              -89.8779626199999,
              34.188641003
            ],
            [
              -89.878126562,
              34.193043119
            ],
            [
              -89.881828621,
              34.192848457
            ],
            [
              -89.881999433,
              34.2107779460001
            ],
            [
              -89.904806037,
              34.2104227780001
            ],
            [
              -89.905147568,
              34.214456059
            ],
            [
              -89.92273577,
              34.2142374950001
            ],
            [
              -89.922687979,
              34.221877165
            ],
            [
              -89.943964582,
              34.222123061
            ],
            [
              -89.943916799,
              34.2322831050001
            ],
            [
              -89.9184873309999,
              34.232054283
            ],
            [
              -89.918794743,
              34.2472755640001
            ],
            [
              -89.9522977079999,
              34.247401934
            ]
          ],
          [
            [
              -85.018119973,
              34.7985921960001
            ],
            [
              -85.018223635,
              34.740012316
            ],
            [
              -85.000048023,
              34.7449710820001
            ],
            [
              -84.989126261,
              34.744680784
            ],
            [
              -84.992384316,
              34.70501052
            ],
            [
              -84.978887505,
              34.7045528780001
            ],
            [
              -84.9793451359999,
              34.7003385960001
            ],
            [
              -84.970322204,
              34.683816139
            ],
            [
              -84.949250503,
              34.6718426370001
            ],
            [
              -84.940254904,
              34.6704560810001
            ],
            [
              -84.945179606,
              34.6764257510001
            ],
            [
              -84.9437247399999,
              34.680192649
            ],
            [
              -84.9367372679999,
              34.67650429
            ],
            [
              -84.930023013,
              34.675725632
            ],
            [
              -84.919347149,
              34.6811317890001
            ],
            [
              -84.9105291399999,
              34.681070307
            ],
            [
              -84.90259224,
              34.6659139070001
            ],
            [
              -84.899429776,
              34.663666741
            ],
            [
              -84.8893959649999,
              34.6667710940001
            ],
            [
              -84.8874971289999,
              34.676770622
            ],
            [
              -84.9045115879999,
              34.6850011270001
            ],
            [
              -84.9067861039999,
              34.6895671720001
            ],
            [
              -84.9127353599999,
              34.694891382
            ],
            [
              -84.9230970359999,
              34.699061278
            ],
            [
              -84.930835848,
              34.7033165500001
            ],
            [
              -84.935419032,
              34.7099043600001
            ],
            [
              -84.933807067,
              34.713097514
            ],
            [
              -84.9239849959999,
              34.7156793500001
            ],
            [
              -84.9003519089999,
              34.708090886
            ],
            [
              -84.9014516239999,
              34.74280237
            ],
            [
              -84.9092245909999,
              34.7491203870001
            ],
            [
              -84.91663555,
              34.757525054
            ],
            [
              -84.923896235,
              34.7604586670001
            ],
            [
              -84.9286160249999,
              34.7647788240001
            ],
            [
              -84.915884223,
              34.777158694
            ],
            [
              -84.915747618,
              34.78013328
            ],
            [
              -84.926225417,
              34.7940397410001
            ],
            [
              -84.932753169,
              34.796599337
            ],
            [
              -85.018119973,
              34.7985921960001
            ]
          ],
          [
            [
              -90.072292862,
              33.9857577860001
            ],
            [
              -90.0707628169999,
              33.971602025
            ],
            [
              -90.070571522,
              33.95657199
            ],
            [
              -90.0391586549999,
              33.9567529830001
            ],
            [
              -90.0394932999999,
              33.942061046
            ],
            [
              -90.0298898,
              33.9421259310001
            ],
            [
              -90.030169787,
              33.922232734
            ],
            [
              -90.0216318129999,
              33.918189205
            ],
            [
              -90.015020024,
              33.920829107
            ],
            [
              -90.012684027,
              33.9171680740001
            ],
            [
              -90.009043449,
              33.920026546
            ],
            [
              -90.00586049,
              33.9177691370001
            ],
            [
              -89.999952223,
              33.9181857830001
            ],
            [
              -89.988545487,
              33.911615048
            ],
            [
              -89.9889826949999,
              33.9335539140001
            ],
            [
              -89.9960043149999,
              33.9334275570001
            ],
            [
              -89.9957789549999,
              33.947999963
            ],
            [
              -89.961162648,
              33.948915212
            ],
            [
              -89.960855238,
              33.934633091
            ],
            [
              -89.943731505,
              33.935001921
            ],
            [
              -89.94364273,
              33.9420439420001
            ],
            [
              -89.9340528929999,
              33.941958561
            ],
            [
              -89.933916341,
              33.9612062960001
            ],
            [
              -89.925631104,
              33.961472675
            ],
            [
              -89.9254467109999,
              33.970748198
            ],
            [
              -89.920112194,
              33.971038483
            ],
            [
              -89.920296633,
              33.9773155130001
            ],
            [
              -89.913275014,
              33.977482852
            ],
            [
              -89.91281057,
              33.984999578
            ],
            [
              -89.909559315,
              33.98507471
            ],
            [
              -89.9163077599999,
              33.999227057
            ],
            [
              -89.944503523,
              33.9988479840001
            ],
            [
              -89.9445376799999,
              34.000309665
            ],
            [
              -89.944291826,
              34.0139292480001
            ],
            [
              -89.961886858,
              34.014240031
            ],
            [
              -89.9620712609999,
              34.008365987
            ],
            [
              -89.970616052,
              34.007983494
            ],
            [
              -89.970909735,
              34.000456523
            ],
            [
              -89.970896071,
              33.998847993
            ],
            [
              -90.000225676,
              33.9991895150001
            ],
            [
              -90.031078454,
              33.998947049
            ],
            [
              -90.031119439,
              33.999995497
            ],
            [
              -90.030955526,
              34.0054699680001
            ],
            [
              -90.034678082,
              34.006853101
            ],
            [
              -90.0428267469999,
              34.0184406770001
            ],
            [
              -90.070879072,
              34.018030868
            ],
            [
              -90.071807983,
              34.01177433
            ],
            [
              -90.070988304,
              33.9999067150001
            ],
            [
              -90.072292862,
              33.9857577860001
            ]
          ],
          [
            [
              -85.262648375,
              34.666511905
            ],
            [
              -85.262279561,
              34.6940652550001
            ],
            [
              -85.264321845,
              34.698327352
            ],
            [
              -85.263502203,
              34.70063257
            ],
            [
              -85.2609749659999,
              34.7007862500001
            ],
            [
              -85.2599504189999,
              34.710509152
            ],
            [
              -85.26372761,
              34.7055845240001
            ],
            [
              -85.26343392,
              34.7233978940001
            ],
            [
              -85.2567128479999,
              34.7375707190001
            ],
            [
              -85.257300263,
              34.7408321780001
            ],
            [
              -85.255763432,
              34.743355965
            ],
            [
              -85.276316016,
              34.743728236
            ],
            [
              -85.281165581,
              34.744288323
            ],
            [
              -85.287715909,
              34.747498561
            ],
            [
              -85.294819479,
              34.7312493310001
            ],
            [
              -85.2984532359999,
              34.7314030150001
            ],
            [
              -85.3017591239999,
              34.71838109
            ],
            [
              -85.308063548,
              34.710365762
            ],
            [
              -85.308985644,
              34.706574957
            ],
            [
              -85.307093631,
              34.7063222350001
            ],
            [
              -85.307872289,
              34.7014283400001
            ],
            [
              -85.314251848,
              34.693689638
            ],
            [
              -85.316143852,
              34.6848478420001
            ],
            [
              -85.316833711,
              34.674383854
            ],
            [
              -85.3142723189999,
              34.6711702040001
            ],
            [
              -85.3112532929999,
              34.6686429980001
            ],
            [
              -85.311273781,
              34.6657981860001
            ],
            [
              -85.262648375,
              34.666511905
            ]
          ],
          [
            [
              -84.949209399,
              34.5129395710001
            ],
            [
              -84.961155713,
              34.5095825000001
            ],
            [
              -84.964994382,
              34.5104055530001
            ],
            [
              -84.96558179,
              34.5056585080001
            ],
            [
              -84.9675762529999,
              34.5002147770001
            ],
            [
              -84.9688330389999,
              34.496707428
            ],
            [
              -84.978784887,
              34.496355679
            ],
            [
              -84.979126401,
              34.4902050110001
            ],
            [
              -84.967521603,
              34.490775328
            ],
            [
              -84.971011916,
              34.4834771760001
            ],
            [
              -84.971483209,
              34.4788428310001
            ],
            [
              -84.968293425,
              34.4784774070001
            ],
            [
              -84.968894489,
              34.465991654
            ],
            [
              -84.9627061739999,
              34.4658994390001
            ],
            [
              -84.9629110929999,
              34.4760833880001
            ],
            [
              -84.9585328269999,
              34.4783203010001
            ],
            [
              -84.950377368,
              34.4804206050001
            ],
            [
              -84.9460810579999,
              34.470656713
            ],
            [
              -84.919469938,
              34.4698165620001
            ],
            [
              -84.918875699,
              34.4762438560001
            ],
            [
              -84.933950328,
              34.478706188
            ],
            [
              -84.943287448,
              34.4854476840001
            ],
            [
              -84.9475086209999,
              34.491106576
            ],
            [
              -84.933895693,
              34.491068996
            ],
            [
              -84.933601993,
              34.4987325720001
            ],
            [
              -84.940056692,
              34.49854816
            ],
            [
              -84.940575802,
              34.499828839
            ],
            [
              -84.9403025889999,
              34.502875144
            ],
            [
              -84.9366620019999,
              34.5022809060001
            ],
            [
              -84.936067763,
              34.5060648800001
            ],
            [
              -84.930958646,
              34.5066010530001
            ],
            [
              -84.931006463,
              34.510699221
            ],
            [
              -84.9247635039999,
              34.5109007080001
            ],
            [
              -84.9243741719999,
              34.508612564
            ],
            [
              -84.9193538489999,
              34.5087628250001
            ],
            [
              -84.9168402719999,
              34.506741059
            ],
            [
              -84.915119025,
              34.514811035
            ],
            [
              -84.91761894,
              34.514797377
            ],
            [
              -84.91751649,
              34.521392013
            ],
            [
              -84.9218810959999,
              34.521661813
            ],
            [
              -84.9221406469999,
              34.517287019
            ],
            [
              -84.925084536,
              34.5173826450001
            ],
            [
              -84.925200649,
              34.513076153
            ],
            [
              -84.9297360159999,
              34.5138923760001
            ],
            [
              -84.936218035,
              34.5126151210001
            ],
            [
              -84.9363888029999,
              34.523557231
            ],
            [
              -84.9397220229999,
              34.5234206280001
            ],
            [
              -84.938478899,
              34.527027016
            ],
            [
              -84.935521351,
              34.5308929510001
            ],
            [
              -84.930118534,
              34.5373885430001
            ],
            [
              -84.927345412,
              34.547483696
            ],
            [
              -84.9306239909999,
              34.550762234
            ],
            [
              -84.93054886,
              34.5542422610001
            ],
            [
              -84.935418924,
              34.5676979200001
            ],
            [
              -84.941907783,
              34.577642815
            ],
            [
              -84.949270916,
              34.5702900250001
            ],
            [
              -84.9672347819999,
              34.5619229490001
            ],
            [
              -84.9667498219999,
              34.556516781
            ],
            [
              -84.9617704789999,
              34.5526849880001
            ],
            [
              -84.9535262219999,
              34.5503114580001
            ],
            [
              -84.952713401,
              34.541681397
            ],
            [
              -84.971435443,
              34.540315359
            ],
            [
              -84.9714012869999,
              34.53427056
            ],
            [
              -84.968368598,
              34.529277623
            ],
            [
              -84.956456427,
              34.5213203340001
            ],
            [
              -84.948430743,
              34.520732921
            ],
            [
              -84.950657441,
              34.5167064730001
            ],
            [
              -84.949209399,
              34.5129395710001
            ]
          ],
          [
            [
              -89.879915398,
              33.945708369
            ],
            [
              -89.8795738699999,
              33.9423649460001
            ],
            [
              -89.8707626949999,
              33.942501549
            ],
            [
              -89.870653401,
              33.9399845900001
            ],
            [
              -89.86801688,
              33.940182667
            ],
            [
              -89.868911619,
              33.926696275
            ],
            [
              -89.8711997569999,
              33.914507637
            ],
            [
              -89.861999203,
              33.8981388620001
            ],
            [
              -89.857067676,
              33.898162766
            ],
            [
              -89.857054169,
              33.9511077000001
            ],
            [
              -89.862579938,
              33.9513467620001
            ],
            [
              -89.862661915,
              33.955472253
            ],
            [
              -89.867525138,
              33.955793278
            ],
            [
              -89.867654929,
              33.9604481150001
            ],
            [
              -89.870742256,
              33.960536909
            ],
            [
              -89.87063299,
              33.967305719
            ],
            [
              -89.873815942,
              33.9674833070001
            ],
            [
              -89.873850123,
              33.977530653
            ],
            [
              -89.883289694,
              33.977971209
            ],
            [
              -89.8829414049999,
              33.9985337730001
            ],
            [
              -89.909955517,
              33.999083619
            ],
            [
              -89.9054884129999,
              33.9843472840001
            ],
            [
              -89.905775263,
              33.9758743190001
            ],
            [
              -89.903295839,
              33.9758674880001
            ],
            [
              -89.88827577,
              33.94589962
            ],
            [
              -89.879915398,
              33.945708369
            ]
          ],
          [
            [
              -85.1156658419999,
              34.908300259
            ],
            [
              -85.1040337169999,
              34.904188419
            ],
            [
              -85.099225137,
              34.9051105020001
            ],
            [
              -85.088105296,
              34.910557639
            ],
            [
              -85.086705074,
              34.9142050070001
            ],
            [
              -85.0902090549999,
              34.914867547
            ],
            [
              -85.093091471,
              34.913986444
            ],
            [
              -85.096445183,
              34.914789005
            ],
            [
              -85.095652865,
              34.91992879
            ],
            [
              -85.099320775,
              34.920598161
            ],
            [
              -85.099013412,
              34.9253144680001
            ],
            [
              -85.1103381679999,
              34.926349266
            ],
            [
              -85.117093406,
              34.9278109530001
            ],
            [
              -85.1232817219999,
              34.9279339030001
            ],
            [
              -85.128308869,
              34.9212641410001
            ],
            [
              -85.1316352589999,
              34.9207108910001
            ],
            [
              -85.129627128,
              34.9176372640001
            ],
            [
              -85.118240895,
              34.9125213740001
            ],
            [
              -85.1156658419999,
              34.908300259
            ]
          ],
          [
            [
              -88.9441411559999,
              36.5762595790001
            ],
            [
              -88.9401658689999,
              36.573390863
            ],
            [
              -88.934250764,
              36.5734557490001
            ],
            [
              -88.9303164729999,
              36.576317632
            ],
            [
              -88.933745335,
              36.5805728920001
            ],
            [
              -88.9366960569999,
              36.5804499480001
            ],
            [
              -88.9364365069999,
              36.5820789680001
            ],
            [
              -88.9426931409999,
              36.585357501
            ],
            [
              -88.9428570699999,
              36.585405313
            ],
            [
              -88.9441411559999,
              36.5762595790001
            ]
          ]
        ]
      }
    },
    {
      "type": "Feature",
      "properties": {
        "OID": 2,
        "Name": "20161208",
        "Shape__Area": 0.027780282370258647,
        "Shape__Length": 0.9750881322814848,
        "20161208</td>\n</tr>\n<tr>\n<td>\n<table_style=\"font-family:Arial,Verdana,Times;font-size:12px;text-align:left;width:100%;border-spacing:0px;_padding:3px_3px_3px_3px\">\n<tr>\n<td>TVA_AREA": 20161208,
        "ACRES": 49116109.439,
        "SQ_MI": 76743.921009,
        "created_user": "DCMICHAE",
        "created_date": "12/8/2016 10:14:15 PM",
        "last_edited_user": "DCMICHAE",
        "last_edited_date": "12/8/2016 10:21:36 PM",
        "SHAPE.STArea()": 2139489951553.3735,
        "SHAPE.STLength()": 19316364.628567
      },
      "geometry": {
        "type": "Polygon",
        "coordinates": [
          [
            [
              -89.52640074,
              33.181228737
            ],
            [
              -89.526270923,
              33.1666050960001
            ],
            [
              -89.5377596,
              33.1669773510001
            ],
            [
              -89.5380259459999,
              33.152377616
            ],
            [
              -89.541857781,
              33.152316145
            ],
            [
              -89.5416596809999,
              33.1449770030001
            ],
            [
              -89.5506484429999,
              33.144994083
            ],
            [
              -89.549937945,
              33.093114649
            ],
            [
              -89.563154702,
              33.092687761
            ],
            [
              -89.563304962,
              33.0893887330001
            ],
            [
              -89.5673348779999,
              33.0891462600001
            ],
            [
              -89.567505602,
              33.0763394750001
            ],
            [
              -89.595544256,
              33.0764521840001
            ],
            [
              -89.595428134,
              33.074590932
            ],
            [
              -89.610960388,
              33.0746250890001
            ],
            [
              -89.610810068,
              33.055875954
            ],
            [
              -89.623808255,
              33.0556232390001
            ],
            [
              -89.62369212,
              33.04845827
            ],
            [
              -89.654182874,
              33.0478981970001
            ],
            [
              -89.6538891279999,
              33.0333804250001
            ],
            [
              -89.662809586,
              33.033281388
            ],
            [
              -89.6626183549999,
              33.040531737
            ],
            [
              -89.697425903,
              33.040620543
            ],
            [
              -89.697412302,
              33.0623613430001
            ],
            [
              -89.714672638,
              33.062375009
            ],
            [
              -89.714645336,
              33.0696526780001
            ],
            [
              -89.730963081,
              33.069358982
            ],
            [
              -89.730771851,
              33.0766264060001
            ],
            [
              -89.7394327549999,
              33.0764932180001
            ],
            [
              -89.739057095,
              33.0800176450001
            ],
            [
              -89.748093669,
              33.079734192
            ],
            [
              -89.7475336099999,
              33.090782179
            ],
            [
              -89.8241225099999,
              33.0909632080001
            ],
            [
              -89.82430693,
              33.091345704
            ],
            [
              -89.824723584,
              33.0918033340001
            ],
            [
              -89.824846533,
              33.092486362
            ],
            [
              -89.824511845,
              33.0929235
            ],
            [
              -89.8239380969999,
              33.0935143200001
            ],
            [
              -89.82397908,
              33.093924137
            ],
            [
              -89.824300108,
              33.0944227480001
            ],
            [
              -89.824655289,
              33.0948120740001
            ],
            [
              -89.8248192189999,
              33.095160419
            ],
            [
              -89.824334263,
              33.095457536
            ],
            [
              -89.823002343,
              33.0957683130001
            ],
            [
              -89.8225447089999,
              33.096198621
            ],
            [
              -89.8224217649999,
              33.096905556
            ],
            [
              -89.82192315,
              33.0973802610001
            ],
            [
              -89.821424532,
              33.0972743900001
            ],
            [
              -89.820659531,
              33.0971241240001
            ],
            [
              -89.8202906929999,
              33.097479299
            ],
            [
              -89.8197442649999,
              33.0984321230001
            ],
            [
              -89.819464222,
              33.0991766240001
            ],
            [
              -89.8198740459999,
              33.0999245410001
            ],
            [
              -89.8205229329999,
              33.100252395
            ],
            [
              -89.821800211,
              33.100419738
            ],
            [
              -89.823104811,
              33.1001260360001
            ],
            [
              -89.8234873119999,
              33.1003650960001
            ],
            [
              -89.823364366,
              33.100918349
            ],
            [
              -89.822387626,
              33.101502338
            ],
            [
              -89.82242178,
              33.102024855
            ],
            [
              -89.822927228,
              33.1023971060001
            ],
            [
              -89.823651248,
              33.102895717
            ],
            [
              -89.824095223,
              33.1034387240001
            ],
            [
              -89.824484556,
              33.104073941
            ],
            [
              -89.825140273,
              33.1047467240001
            ],
            [
              -89.825714025,
              33.1053648660001
            ],
            [
              -89.826062376,
              33.106276709
            ],
            [
              -89.826192157,
              33.1075232360001
            ],
            [
              -89.8254818,
              33.1081550370001
            ],
            [
              -89.8243411299999,
              33.1083633600001
            ],
            [
              -89.824306979,
              33.108858556
            ],
            [
              -89.8250788129999,
              33.109384489
            ],
            [
              -89.8256867169999,
              33.109941157
            ],
            [
              -89.8252495739999,
              33.110368049
            ],
            [
              -89.824327474,
              33.1101221590001
            ],
            [
              -89.823644437,
              33.110070932
            ],
            [
              -89.823145822,
              33.110286085
            ],
            [
              -89.822934081,
              33.1109110560001
            ],
            [
              -89.8229614049999,
              33.1115223670001
            ],
            [
              -89.823405381,
              33.1121541680001
            ],
            [
              -89.823589802,
              33.112632288
            ],
            [
              -89.8230980169999,
              33.1133528840001
            ],
            [
              -89.822285205,
              33.1138549090001
            ],
            [
              -89.8211308749999,
              33.1141486110001
            ],
            [
              -89.8193754709999,
              33.114377425
            ],
            [
              -89.8185763179999,
              33.1147086930001
            ],
            [
              -89.817988907,
              33.114749675
            ],
            [
              -89.817524442,
              33.1146267300001
            ],
            [
              -89.8170121639999,
              33.114370594
            ],
            [
              -89.816855065,
              33.1140393250001
            ],
            [
              -89.816861893,
              33.113414354
            ],
            [
              -89.816697962,
              33.1126869290001
            ],
            [
              -89.816144701,
              33.1123898110001
            ],
            [
              -89.815516309,
              33.112820119
            ],
            [
              -89.814826446,
              33.1140973810001
            ],
            [
              -89.813631137,
              33.116105485
            ],
            [
              -89.811547877,
              33.116515302
            ],
            [
              -89.8093689899999,
              33.116747531
            ],
            [
              -89.806739299,
              33.116696302
            ],
            [
              -89.8061792079999,
              33.116416261
            ],
            [
              -89.805414207,
              33.116252333
            ],
            [
              -89.805134163,
              33.1167372840001
            ],
            [
              -89.804949746,
              33.11785745
            ],
            [
              -89.804833631,
              33.1181648130001
            ],
            [
              -89.804232559,
              33.1182775130001
            ],
            [
              -89.8036451469999,
              33.118079434
            ],
            [
              -89.803358273,
              33.1184346090001
            ],
            [
              -89.803050908,
              33.1193259610001
            ],
            [
              -89.802463498,
              33.119510378
            ],
            [
              -89.802080997,
              33.1193088850001
            ],
            [
              -89.801452603,
              33.1192713180001
            ],
            [
              -89.801418452,
              33.119684551
            ],
            [
              -89.801773633,
              33.120592979
            ],
            [
              -89.801705332,
              33.121262346
            ],
            [
              -89.800967653,
              33.1214775010001
            ],
            [
              -89.800687607,
              33.1211189110001
            ],
            [
              -89.8000797019999,
              33.1203846540001
            ],
            [
              -89.799430818,
              33.120818377
            ],
            [
              -89.7994376509999,
              33.121863411
            ],
            [
              -89.799936271,
              33.122655724
            ],
            [
              -89.799587923,
              33.123127014
            ],
            [
              -89.799082476,
              33.123014314
            ],
            [
              -89.7987614479999,
              33.1226967060001
            ],
            [
              -89.798392607,
              33.1224576450001
            ],
            [
              -89.797955464,
              33.1225942510001
            ],
            [
              -89.797327072,
              33.1231611650001
            ],
            [
              -89.796910421,
              33.123758814
            ],
            [
              -89.796193237,
              33.125121456
            ],
            [
              -89.796534757,
              33.125828391
            ],
            [
              -89.7965347589999,
              33.1265558160001
            ],
            [
              -89.7959541819999,
              33.127887722
            ],
            [
              -89.794670077,
              33.129520159
            ],
            [
              -89.7941782939999,
              33.130630081
            ],
            [
              -89.794888654,
              33.131347261
            ],
            [
              -89.795585353,
              33.131873193
            ],
            [
              -89.7960361579999,
              33.1319551560001
            ],
            [
              -89.796268391,
              33.1322420280001
            ],
            [
              -89.79584491,
              33.1329284720001
            ],
            [
              -89.795312144,
              33.133840315
            ],
            [
              -89.795489736,
              33.1347384970001
            ],
            [
              -89.7961864339999,
              33.1349741430001
            ],
            [
              -89.7977096069999,
              33.135360054
            ],
            [
              -89.799021037,
              33.1354112820001
            ],
            [
              -89.799546977,
              33.135684493
            ],
            [
              -89.7994171999999,
              33.1361352920001
            ],
            [
              -89.798317512,
              33.136370936
            ],
            [
              -89.797538851,
              33.1364494850001
            ],
            [
              -89.797340772,
              33.1368934540001
            ],
            [
              -89.797825729,
              33.1373510830001
            ],
            [
              -89.797504703,
              33.137948732
            ],
            [
              -89.79688314,
              33.1379555620001
            ],
            [
              -89.796206933,
              33.1378804290001
            ],
            [
              -89.794956977,
              33.1383346430001
            ],
            [
              -89.794342246,
              33.138894726
            ],
            [
              -89.7940212189999,
              33.1391167100001
            ],
            [
              -89.79290787,
              33.1394104120001
            ],
            [
              -89.791862825,
              33.1398646260001
            ],
            [
              -89.791671578,
              33.1405613150001
            ],
            [
              -89.792163365,
              33.141066756
            ],
            [
              -89.792969348,
              33.140995038
            ],
            [
              -89.794151,
              33.140527164
            ],
            [
              -89.794888681,
              33.1405886370001
            ],
            [
              -89.795100423,
              33.1409677180001
            ],
            [
              -89.795114086,
              33.141650746
            ],
            [
              -89.794376407,
              33.142050317
            ],
            [
              -89.793208415,
              33.14222449
            ],
            [
              -89.7926961379999,
              33.142682119
            ],
            [
              -89.792436586,
              33.1435598100001
            ],
            [
              -89.792156545,
              33.14476877
            ],
            [
              -89.792716637,
              33.1454039870001
            ],
            [
              -89.794185165,
              33.1451615120001
            ],
            [
              -89.794704273,
              33.145315194
            ],
            [
              -89.794820391,
              33.1457933140001
            ],
            [
              -89.79439691,
              33.1465548910001
            ],
            [
              -89.793754857,
              33.147060332
            ],
            [
              -89.7936797249999,
              33.147698963
            ],
            [
              -89.794697451,
              33.148265877
            ],
            [
              -89.795448794,
              33.1490684360001
            ],
            [
              -89.794840893,
              33.1496148590001
            ],
            [
              -89.794301295,
              33.1498846550001
            ],
            [
              -89.794588172,
              33.15059159
            ],
            [
              -89.7951346039999,
              33.1514146390001
            ],
            [
              -89.7951824199999,
              33.152910471
            ],
            [
              -89.794656486,
              33.154283359
            ],
            [
              -89.794724791,
              33.1547614780001
            ],
            [
              -89.795291713,
              33.155509395
            ],
            [
              -89.795776673,
              33.1565510140001
            ],
            [
              -89.795428325,
              33.1569881520001
            ],
            [
              -89.794711136,
              33.1568856970001
            ],
            [
              -89.7945130539999,
              33.1562743860001
            ],
            [
              -89.7939393029999,
              33.156185593
            ],
            [
              -89.793549973,
              33.156564673
            ],
            [
              -89.793604619,
              33.157466271
            ],
            [
              -89.794260336,
              33.1584054360001
            ],
            [
              -89.794328642,
              33.1591567670001
            ],
            [
              -89.793850517,
              33.1593241090001
            ],
            [
              -89.792846453,
              33.159337769
            ],
            [
              -89.790995423,
              33.1592216540001
            ],
            [
              -89.790797342,
              33.158859648
            ],
            [
              -89.790530957,
              33.1584259250001
            ],
            [
              -89.790046001,
              33.1585488700001
            ],
            [
              -89.7894449299999,
              33.1592694650001
            ],
            [
              -89.7885911389999,
              33.1605911250001
            ],
            [
              -89.7878261399999,
              33.1615337040001
            ],
            [
              -89.786767434,
              33.161820576
            ],
            [
              -89.7860980579999,
              33.1619947470001
            ],
            [
              -89.785428683,
              33.1621928260001
            ],
            [
              -89.784957388,
              33.1621689200001
            ],
            [
              -89.784492923,
              33.1621757500001
            ],
            [
              -89.784151405,
              33.1623260160001
            ],
            [
              -89.783577655,
              33.16292708
            ],
            [
              -89.782894622,
              33.164159947
            ],
            [
              -89.782566769,
              33.1657206670001
            ],
            [
              -89.782252577,
              33.167339444
            ],
            [
              -89.780968474,
              33.169726629
            ],
            [
              -89.780005396,
              33.1709629100001
            ],
            [
              -89.779131112,
              33.17190549
            ],
            [
              -89.777751381,
              33.172943692
            ],
            [
              -89.775886694,
              33.174012631
            ],
            [
              -89.774520625,
              33.175487972
            ],
            [
              -89.774267905,
              33.1766798570001
            ],
            [
              -89.774698219,
              33.1773014130001
            ],
            [
              -89.7756339809999,
              33.1777385520001
            ],
            [
              -89.776849786,
              33.1779229700001
            ],
            [
              -89.777525994,
              33.1783771840001
            ],
            [
              -89.77779921,
              33.178694792
            ],
            [
              -89.777942648,
              33.179067043
            ],
            [
              -89.778079258,
              33.179780808
            ],
            [
              -89.778086088,
              33.180030113
            ],
            [
              -89.748326181,
              33.179985706
            ],
            [
              -89.7485242509999,
              33.1763759
            ],
            [
              -89.731414184,
              33.1767618060001
            ],
            [
              -89.73153031,
              33.180142796
            ],
            [
              -89.698614773,
              33.1805833380001
            ],
            [
              -89.698512307,
              33.176748133
            ],
            [
              -89.680992417,
              33.1770418290001
            ],
            [
              -89.681040208,
              33.1692518890001
            ],
            [
              -89.672563724,
              33.169542173
            ],
            [
              -89.672351973,
              33.1658640640001
            ],
            [
              -89.663841337,
              33.166010912
            ],
            [
              -89.663766192,
              33.162069838
            ],
            [
              -89.629409449,
              33.162845062
            ],
            [
              -89.6294709749999,
              33.181782028
            ],
            [
              -89.5418442009999,
              33.182014225
            ],
            [
              -89.52640074,
              33.181228737
            ]
          ]
        ]
      }
    },
    {
      "type": "Feature",
      "properties": {
        "OID": 3,
        "Name": "20161208",
        "Shape__Area": 0.007123794414610529,
        "Shape__Length": 0.7128066538452645,
        "20161208</td>\n</tr>\n<tr>\n<td>\n<table_style=\"font-family:Arial,Verdana,Times;font-size:12px;text-align:left;width:100%;border-spacing:0px;_padding:3px_3px_3px_3px\">\n<tr>\n<td>TVA_AREA": 20161208,
        "ACRES": 49116109.439,
        "SQ_MI": 76743.921009,
        "created_user": "DCMICHAE",
        "created_date": "12/8/2016 10:14:15 PM",
        "last_edited_user": "DCMICHAE",
        "last_edited_date": "12/8/2016 10:21:36 PM",
        "SHAPE.STArea()": 2139489951553.3735,
        "SHAPE.STLength()": 19316364.628567
      },
      "geometry": {
        "type": "Polygon",
        "coordinates": [
          [
            [
              -86.9305272139999,
              33.4351704520001
            ],
            [
              -86.9302198399999,
              33.43141038
            ],
            [
              -86.934960116,
              33.4314650260001
            ],
            [
              -86.9349464489999,
              33.428251377
            ],
            [
              -86.9424325319999,
              33.4284323850001
            ],
            [
              -86.943552707,
              33.425365587
            ],
            [
              -86.93901734,
              33.422551507
            ],
            [
              -86.948982842,
              33.42100787
            ],
            [
              -86.939474963,
              33.4157724500001
            ],
            [
              -86.935861704,
              33.4192183260001
            ],
            [
              -86.935458704,
              33.413549189
            ],
            [
              -86.930759412,
              33.4138394730001
            ],
            [
              -86.931333157,
              33.4103867640001
            ],
            [
              -86.9263948019999,
              33.410144286
            ],
            [
              -86.9269753739999,
              33.4041951080001
            ],
            [
              -86.932186943,
              33.4043829440001
            ],
            [
              -86.9322484099999,
              33.4001823190001
            ],
            [
              -86.936298818,
              33.400199398
            ],
            [
              -86.939140242,
              33.3949981380001
            ],
            [
              -86.939358808,
              33.3920098890001
            ],
            [
              -86.9421729219999,
              33.39319153
            ],
            [
              -86.942999394,
              33.3919210980001
            ],
            [
              -86.944092246,
              33.387314071
            ],
            [
              -86.950314699,
              33.380278882
            ],
            [
              -86.952650684,
              33.3806203980001
            ],
            [
              -86.952425277,
              33.377454561
            ],
            [
              -86.94875737,
              33.3772257430001
            ],
            [
              -86.949044234,
              33.3698968480001
            ],
            [
              -86.93948855,
              33.369531421
            ],
            [
              -86.939502204,
              33.3657884250001
            ],
            [
              -86.9347960819999,
              33.3656381550001
            ],
            [
              -86.934720931,
              33.355170743
            ],
            [
              -86.8937387299999,
              33.354996541
            ],
            [
              -86.89399142,
              33.3330200990001
            ],
            [
              -86.909038717,
              33.333071336
            ],
            [
              -86.90883378,
              33.316217608
            ],
            [
              -86.913369143,
              33.316166384
            ],
            [
              -86.91310275,
              33.310220621
            ],
            [
              -86.921961734,
              33.310183061
            ],
            [
              -86.922132484,
              33.303776253
            ],
            [
              -86.952199757,
              33.3037523690001
            ],
            [
              -86.952391067,
              33.3407383640001
            ],
            [
              -86.957172323,
              33.3407520280001
            ],
            [
              -86.957206481,
              33.3441466800001
            ],
            [
              -86.961413986,
              33.344095456
            ],
            [
              -86.961475467,
              33.348893731
            ],
            [
              -86.971488785,
              33.3489757020001
            ],
            [
              -86.9740911599999,
              33.352319128
            ],
            [
              -86.9777249269999,
              33.3598973310001
            ],
            [
              -86.975812439,
              33.3689884400001
            ],
            [
              -86.986501943,
              33.3562499660001
            ],
            [
              -86.991658861,
              33.3509940660001
            ],
            [
              -86.991918399,
              33.341277985
            ],
            [
              -86.9964879139999,
              33.341496557
            ],
            [
              -86.996563043,
              33.3380950760001
            ],
            [
              -86.9999304149999,
              33.338672237
            ],
            [
              -87.003611983,
              33.3386346730001
            ],
            [
              -87.0087210889999,
              33.333836401
            ],
            [
              -87.047012125,
              33.3343043040001
            ],
            [
              -87.039123064,
              33.3421488810001
            ],
            [
              -87.0365480309999,
              33.351349273
            ],
            [
              -87.036759778,
              33.354743925
            ],
            [
              -87.032791346,
              33.361287335
            ],
            [
              -87.023126379,
              33.3620864710001
            ],
            [
              -87.018010439,
              33.3652079080001
            ],
            [
              -87.013925877,
              33.3635993730001
            ],
            [
              -87.011186905,
              33.3663861270001
            ],
            [
              -87.01016236,
              33.3726836490001
            ],
            [
              -87.00011489,
              33.3730012500001
            ],
            [
              -86.996153277,
              33.372567524
            ],
            [
              -86.981071872,
              33.3998066890001
            ],
            [
              -86.973059872,
              33.4123744080001
            ],
            [
              -86.9841797189999,
              33.419054434
            ],
            [
              -86.982690708,
              33.4245391520001
            ],
            [
              -86.979282354,
              33.423845875
            ],
            [
              -86.980457175,
              33.4221314750001
            ],
            [
              -86.975061184,
              33.421578218
            ],
            [
              -86.974706001,
              33.4191705420001
            ],
            [
              -86.97644774,
              33.4168789830001
            ],
            [
              -86.969535402,
              33.4129003370001
            ],
            [
              -86.9685518319999,
              33.414406414
            ],
            [
              -86.96246597,
              33.4114045000001
            ],
            [
              -86.951469103,
              33.42540999
            ],
            [
              -86.948497894,
              33.4264311160001
            ],
            [
              -86.946558076,
              33.429648179
            ],
            [
              -86.943662003,
              33.431495769
            ],
            [
              -86.941592401,
              33.4309459290001
            ],
            [
              -86.9377878939999,
              33.435587105
            ],
            [
              -86.9305272139999,
              33.4351704520001
            ]
          ]
        ]
      }
    },
    {
      "type": "Feature",
      "properties": {
        "OID": 4,
        "Name": "20161208",
        "Shape__Area": 0.002683287795889555,
        "Shape__Length": 0.36957604186675225,
        "20161208</td>\n</tr>\n<tr>\n<td>\n<table_style=\"font-family:Arial,Verdana,Times;font-size:12px;text-align:left;width:100%;border-spacing:0px;_padding:3px_3px_3px_3px\">\n<tr>\n<td>TVA_AREA": 20161208,
        "ACRES": 49116109.439,
        "SQ_MI": 76743.921009,
        "created_user": "DCMICHAE",
        "created_date": "12/8/2016 10:14:15 PM",
        "last_edited_user": "DCMICHAE",
        "last_edited_date": "12/8/2016 10:21:36 PM",
        "SHAPE.STArea()": 2139489951553.3735,
        "SHAPE.STLength()": 19316364.628567
      },
      "geometry": {
        "type": "Polygon",
        "coordinates": [
          [
            [
              -85.936187306,
              37.0325472960001
            ],
            [
              -85.932164211,
              37.030334285
            ],
            [
              -85.9301492549999,
              37.0345792960001
            ],
            [
              -85.9233530239999,
              37.0308158120001
            ],
            [
              -85.925825614,
              37.0257033560001
            ],
            [
              -85.922779264,
              37.024726625
            ],
            [
              -85.921215111,
              37.0270215950001
            ],
            [
              -85.919179657,
              37.0256555390001
            ],
            [
              -85.917355948,
              37.02771828
            ],
            [
              -85.910129404,
              37.024323629
            ],
            [
              -85.914548652,
              37.0189345490001
            ],
            [
              -85.909903992,
              37.016673725
            ],
            [
              -85.906843984,
              37.018172968
            ],
            [
              -85.901707538,
              37.015939465
            ],
            [
              -85.900635172,
              37.018070509
            ],
            [
              -85.895874396,
              37.0163902580001
            ],
            [
              -85.892274792,
              37.021092896
            ],
            [
              -85.88362753,
              37.017974871
            ],
            [
              -85.8863050319999,
              37.013067323
            ],
            [
              -85.880594834,
              37.011202655
            ],
            [
              -85.882650774,
              37.0075108950001
            ],
            [
              -85.8850550669999,
              37.0081666030001
            ],
            [
              -85.8896655619999,
              37.000123962
            ],
            [
              -85.897704902,
              36.9891238170001
            ],
            [
              -85.8940984609999,
              36.9872010930001
            ],
            [
              -85.8985655179999,
              36.979267737
            ],
            [
              -85.9028959789999,
              36.980609889
            ],
            [
              -85.904425981,
              36.9787896230001
            ],
            [
              -85.9106143069999,
              36.9817505500001
            ],
            [
              -85.9173695379999,
              36.972420405
            ],
            [
              -85.9291041339999,
              36.9775636090001
            ],
            [
              -85.9325193239999,
              36.9781544300001
            ],
            [
              -85.93503973,
              36.976303429
            ],
            [
              -85.9386598249999,
              36.972679973
            ],
            [
              -85.937245936,
              36.9716622610001
            ],
            [
              -85.940176163,
              36.9676289880001
            ],
            [
              -85.943475237,
              36.9683393390001
            ],
            [
              -85.942266262,
              36.970364514
            ],
            [
              -85.948331638,
              36.970617238
            ],
            [
              -85.948154051,
              36.9723350520001
            ],
            [
              -85.9468494499999,
              36.973673784
            ],
            [
              -85.9450120769999,
              36.9728165830001
            ],
            [
              -85.941883763,
              36.972154044
            ],
            [
              -85.937648936,
              36.9772016110001
            ],
            [
              -85.941405647,
              36.97997129
            ],
            [
              -85.954260425,
              36.985602858
            ],
            [
              -85.95697208,
              36.982102346
            ],
            [
              -85.960619504,
              36.9835640270001
            ],
            [
              -85.954076016,
              36.994588079
            ],
            [
              -85.947874031,
              36.9923853120001
            ],
            [
              -85.945701974,
              36.9950593620001
            ],
            [
              -85.95383696,
              37.000164995
            ],
            [
              -85.956616927,
              37.002173097
            ],
            [
              -85.94773062,
              37.0134874340001
            ],
            [
              -85.9455995389999,
              37.0111378190001
            ],
            [
              -85.935777452,
              37.0081154170001
            ],
            [
              -85.9346982549999,
              37.0102942720001
            ],
            [
              -85.93246472,
              37.0096385640001
            ],
            [
              -85.930005788,
              37.0126199760001
            ],
            [
              -85.933393657,
              37.0134327810001
            ],
            [
              -85.933175089,
              37.0164585900001
            ],
            [
              -85.93626925,
              37.0169537880001
            ],
            [
              -85.9340220619999,
              37.020922173
            ],
            [
              -85.936938632,
              37.0211646500001
            ],
            [
              -85.936549305,
              37.0238455310001
            ],
            [
              -85.939213153,
              37.0240914230001
            ],
            [
              -85.937806102,
              37.0296785830001
            ],
            [
              -85.940476781,
              37.030409424
            ],
            [
              -85.9392541459999,
              37.033203004
            ],
            [
              -85.941405717,
              37.034343661
            ],
            [
              -85.939896206,
              37.0362493050001
            ],
            [
              -85.9350466349999,
              37.03456564
            ],
            [
              -85.936187306,
              37.0325472960001
            ]
          ]
        ]
      }
    },
    {
      "type": "Feature",
      "properties": {
        "OID": 5,
        "Name": "20161208",
        "Shape__Area": 0.0017772129492641398,
        "Shape__Length": 0.26980220104699365,
        "20161208</td>\n</tr>\n<tr>\n<td>\n<table_style=\"font-family:Arial,Verdana,Times;font-size:12px;text-align:left;width:100%;border-spacing:0px;_padding:3px_3px_3px_3px\">\n<tr>\n<td>TVA_AREA": 20161208,
        "ACRES": 49116109.439,
        "SQ_MI": 76743.921009,
        "created_user": "DCMICHAE",
        "created_date": "12/8/2016 10:14:15 PM",
        "last_edited_user": "DCMICHAE",
        "last_edited_date": "12/8/2016 10:21:36 PM",
        "SHAPE.STArea()": 2139489951553.3735,
        "SHAPE.STLength()": 19316364.628567
      },
      "geometry": {
        "type": "Polygon",
        "coordinates": [
          [
            [
              -86.772261025,
              33.5941930170001
            ],
            [
              -86.7670972619999,
              33.5907368900001
            ],
            [
              -86.7658404759999,
              33.592014152
            ],
            [
              -86.769235173,
              33.5944218290001
            ],
            [
              -86.7606767359999,
              33.6026489010001
            ],
            [
              -86.757821639,
              33.6011769720001
            ],
            [
              -86.758812039,
              33.59918936
            ],
            [
              -86.7555539539999,
              33.5991893570001
            ],
            [
              -86.7508546729999,
              33.6062347920001
            ],
            [
              -86.743990158,
              33.609113752
            ],
            [
              -86.740404223,
              33.6142159720001
            ],
            [
              -86.740861802,
              33.577602234
            ],
            [
              -86.756708254,
              33.5775066210001
            ],
            [
              -86.756954134,
              33.5695630010001
            ],
            [
              -86.764891021,
              33.5694673830001
            ],
            [
              -86.764877364,
              33.5715540350001
            ],
            [
              -86.7696722809999,
              33.5713730360001
            ],
            [
              -86.770266527,
              33.5736577660001
            ],
            [
              -86.776755376,
              33.5738592640001
            ],
            [
              -86.786304216,
              33.565567307
            ],
            [
              -86.785819266,
              33.568859504
            ],
            [
              -86.784753732,
              33.5713525560001
            ],
            [
              -86.7849108359999,
              33.5747472080001
            ],
            [
              -86.787929858,
              33.574999931
            ],
            [
              -86.7875746879999,
              33.580327552
            ],
            [
              -86.788763178,
              33.584719426
            ],
            [
              -86.790566403,
              33.589398171
            ],
            [
              -86.784589849,
              33.6005486060001
            ],
            [
              -86.778305922,
              33.6086766400001
            ],
            [
              -86.780477987,
              33.613119741
            ],
            [
              -86.783333082,
              33.614407251
            ],
            [
              -86.7780190719999,
              33.6246526740001
            ],
            [
              -86.7637845849999,
              33.624174543
            ],
            [
              -86.7625277779999,
              33.6113438530001
            ],
            [
              -86.763347408,
              33.602262991
            ],
            [
              -86.772261025,
              33.5941930170001
            ]
          ]
        ]
      }
    }
  ]
}